PRAGMA foreign_keys=OFF;
BEGIN TRANSACTION;
CREATE TABLE IF NOT EXISTS "django_migrations" ("id" integer NOT NULL PRIMARY KEY AUTOINCREMENT, "app" varchar(255) NOT NULL, "name" varchar(255) NOT NULL, "applied" datetime NOT NULL);
INSERT INTO django_migrations VALUES(1,'contenttypes','0001_initial','2025-06-23 05:31:55.871397');
INSERT INTO django_migrations VALUES(2,'auth','0001_initial','2025-06-23 05:31:55.891397');
INSERT INTO django_migrations VALUES(3,'admin','0001_initial','2025-06-23 05:31:55.904280');
INSERT INTO django_migrations VALUES(4,'admin','0002_logentry_remove_auto_add','2025-06-23 05:31:55.914248');
INSERT INTO django_migrations VALUES(5,'admin','0003_logentry_add_action_flag_choices','2025-06-23 05:31:55.929204');
INSERT INTO django_migrations VALUES(6,'contenttypes','0002_remove_content_type_name','2025-06-23 05:31:55.942161');
INSERT INTO django_migrations VALUES(7,'auth','0002_alter_permission_name_max_length','2025-06-23 05:31:55.950127');
INSERT INTO django_migrations VALUES(8,'auth','0003_alter_user_email_max_length','2025-06-23 05:31:55.958100');
INSERT INTO django_migrations VALUES(9,'auth','0004_alter_user_username_opts','2025-06-23 05:31:55.965085');
INSERT INTO django_migrations VALUES(10,'auth','0005_alter_user_last_login_null','2025-06-23 05:31:55.973050');
INSERT INTO django_migrations VALUES(11,'auth','0006_require_contenttypes_0002','2025-06-23 05:31:55.976041');
INSERT INTO django_migrations VALUES(12,'auth','0007_alter_validators_add_error_messages','2025-06-23 05:31:55.983024');
INSERT INTO django_migrations VALUES(13,'auth','0008_alter_user_username_max_length','2025-06-23 05:31:55.991986');
INSERT INTO django_migrations VALUES(14,'auth','0009_alter_user_last_name_max_length','2025-06-23 05:31:55.998963');
INSERT INTO django_migrations VALUES(15,'auth','0010_alter_group_name_max_length','2025-06-23 05:31:56.006937');
INSERT INTO django_migrations VALUES(16,'auth','0011_update_proxy_permissions','2025-06-23 05:31:56.012924');
INSERT INTO django_migrations VALUES(17,'auth','0012_alter_user_first_name_max_length','2025-06-23 05:31:56.020890');
INSERT INTO django_migrations VALUES(18,'sessions','0001_initial','2025-06-23 05:31:56.027874');
INSERT INTO django_migrations VALUES(19,'captcha','0001_initial','2025-06-23 07:22:50.511982');
INSERT INTO django_migrations VALUES(20,'captcha','0002_alter_captchastore_id','2025-06-23 07:22:50.523936');
INSERT INTO django_migrations VALUES(21,'questions','0001_initial','2025-08-02 07:26:15.900208');
CREATE TABLE IF NOT EXISTS "auth_group_permissions" ("id" integer NOT NULL PRIMARY KEY AUTOINCREMENT, "group_id" integer NOT NULL REFERENCES "auth_group" ("id") DEFERRABLE INITIALLY DEFERRED, "permission_id" integer NOT NULL REFERENCES "auth_permission" ("id") DEFERRABLE INITIALLY DEFERRED);
CREATE TABLE IF NOT EXISTS "auth_user_groups" ("id" integer NOT NULL PRIMARY KEY AUTOINCREMENT, "user_id" integer NOT NULL REFERENCES "auth_user" ("id") DEFERRABLE INITIALLY DEFERRED, "group_id" integer NOT NULL REFERENCES "auth_group" ("id") DEFERRABLE INITIALLY DEFERRED);
CREATE TABLE IF NOT EXISTS "auth_user_user_permissions" ("id" integer NOT NULL PRIMARY KEY AUTOINCREMENT, "user_id" integer NOT NULL REFERENCES "auth_user" ("id") DEFERRABLE INITIALLY DEFERRED, "permission_id" integer NOT NULL REFERENCES "auth_permission" ("id") DEFERRABLE INITIALLY DEFERRED);
CREATE TABLE IF NOT EXISTS "django_admin_log" ("id" integer NOT NULL PRIMARY KEY AUTOINCREMENT, "object_id" text NULL, "object_repr" varchar(200) NOT NULL, "action_flag" smallint unsigned NOT NULL CHECK ("action_flag" >= 0), "change_message" text NOT NULL, "content_type_id" integer NULL REFERENCES "django_content_type" ("id") DEFERRABLE INITIALLY DEFERRED, "user_id" integer NOT NULL REFERENCES "auth_user" ("id") DEFERRABLE INITIALLY DEFERRED, "action_time" datetime NOT NULL);
INSERT INTO django_admin_log VALUES(1,'1','miki',3,'',4,2,'2025-06-23 07:28:55.937236');
INSERT INTO django_admin_log VALUES(2,'3','berw',3,'',4,2,'2025-06-23 07:29:00.930606');
INSERT INTO django_admin_log VALUES(3,'4','mili',3,'',4,2,'2025-06-23 07:36:08.888675');
INSERT INTO django_admin_log VALUES(4,'5','asha',3,'',4,2,'2025-06-23 13:29:28.412465');
INSERT INTO django_admin_log VALUES(5,'6','Ger',3,'',4,2,'2025-06-24 05:37:54.376053');
INSERT INTO django_admin_log VALUES(6,'1','Рыцарские ордена',1,'[{"added": {}}]',9,2,'2025-08-02 07:31:16.532572');
INSERT INTO django_admin_log VALUES(7,'1','Когда начался первый крестовый поход?',1,'[{"added": {}}, {"added": {"name": "\u041e\u0442\u0432\u0435\u0442", "object": "1098-1100"}}, {"added": {"name": "\u041e\u0442\u0432\u0435\u0442", "object": "1095-1098"}}, {"added": {"name": "\u041e\u0442\u0432\u0435\u0442", "object": "1096-1099"}}, {"added": {"name": "\u041e\u0442\u0432\u0435\u0442", "object": "1095-1100"}}]',8,2,'2025-08-02 07:38:35.260762');
INSERT INTO django_admin_log VALUES(8,'2','Знак какого ордена изображен на картинке?',1,'[{"added": {}}, {"added": {"name": "\u041e\u0442\u0432\u0435\u0442", "object": "\u0422\u0435\u0432\u0442\u043e\u043d\u0446\u044b"}}, {"added": {"name": "\u041e\u0442\u0432\u0435\u0442", "object": "\u0422\u0430\u043c\u043f\u043b\u0438\u0435\u0440\u044b"}}, {"added": {"name": "\u041e\u0442\u0432\u0435\u0442", "object": "\u0413\u043e\u0441\u043f\u0438\u0442\u0430\u043b\u044c\u0435\u0440\u044b"}}]',8,2,'2025-08-02 07:42:15.367047');
INSERT INTO django_admin_log VALUES(9,'1','Когда начался первый крестовый поход?',2,'[{"changed": {"name": "\u041e\u0442\u0432\u0435\u0442", "object": "1096-1099", "fields": ["\u041f\u0440\u0430\u0432\u0438\u043b\u044c\u043d\u044b\u0439 \u043e\u0442\u0432\u0435\u0442"]}}]',8,2,'2025-08-02 07:42:24.654971');
INSERT INTO django_admin_log VALUES(10,'3','Знак какого ордена изображен на картинке?',1,'[{"added": {}}, {"added": {"name": "\u041e\u0442\u0432\u0435\u0442", "object": "\u0422\u0435\u0432\u0442\u043e\u043d\u0446\u044b"}}, {"added": {"name": "\u041e\u0442\u0432\u0435\u0442", "object": "\u0422\u0430\u043c\u043f\u043b\u0438\u0435\u0440\u044b"}}, {"added": {"name": "\u041e\u0442\u0432\u0435\u0442", "object": "\u0413\u043e\u0441\u043f\u0438\u0442\u0430\u043b\u044c\u0435\u0440\u044b"}}]',8,2,'2025-08-02 07:42:59.952426');
INSERT INTO django_admin_log VALUES(11,'4','Знак какого ордена изображен на картинке?',1,'[{"added": {}}, {"added": {"name": "\u041e\u0442\u0432\u0435\u0442", "object": "\u0422\u0435\u0432\u0442\u043e\u043d\u0446\u044b"}}, {"added": {"name": "\u041e\u0442\u0432\u0435\u0442", "object": "\u0422\u0430\u043c\u043f\u043b\u0438\u0435\u0440\u044b"}}, {"added": {"name": "\u041e\u0442\u0432\u0435\u0442", "object": "\u0413\u043e\u0441\u043f\u0438\u0442\u0430\u043b\u044c\u0435\u0440\u044b"}}]',8,2,'2025-08-02 07:43:19.249134');
INSERT INTO django_admin_log VALUES(12,'5','Когда крестоносцы потеряли Акру(последний оплот на Ближнем Востоке)?',1,'[{"added": {}}, {"added": {"name": "\u041e\u0442\u0432\u0435\u0442", "object": "1290"}}, {"added": {"name": "\u041e\u0442\u0432\u0435\u0442", "object": "1292"}}, {"added": {"name": "\u041e\u0442\u0432\u0435\u0442", "object": "1190"}}, {"added": {"name": "\u041e\u0442\u0432\u0435\u0442", "object": "1291"}}]',8,2,'2025-08-02 07:46:41.960514');
INSERT INTO django_admin_log VALUES(13,'6','В честь какого магистра названа столица острова Мальты',1,'[{"added": {}}, {"added": {"name": "\u041e\u0442\u0432\u0435\u0442", "object": "\u0416\u0430\u043a \u0434\u0435 \u041c\u043e\u043b\u0435"}}, {"added": {"name": "\u041e\u0442\u0432\u0435\u0442", "object": "\u0413\u0435\u0440\u043c\u0430\u043d \u0444\u043e\u043d \u0417\u0430\u043b\u044c\u0446\u0430"}}, {"added": {"name": "\u041e\u0442\u0432\u0435\u0442", "object": "\u0416\u0430\u043d\u0430 \u041f\u0430\u0440\u0438\u0437\u043e \u0434\u0435 \u043b\u0430 \u0412\u0430\u043b\u043b\u0435\u0442\u0442\u0430"}}]',8,2,'2025-08-02 07:49:41.138967');
INSERT INTO django_admin_log VALUES(14,'7','Руины какого чуда света разграбили госпитальеры для строительства креп',1,'[{"added": {}}, {"added": {"name": "\u041e\u0442\u0432\u0435\u0442", "object": "\u041c\u0430\u0432\u0437\u043e\u043b\u0435\u0439 \u0432 \u0413\u0430\u043b\u0438\u043a\u0430\u0440\u043d\u0430\u0441\u0435"}}, {"added": {"name": "\u041e\u0442\u0432\u0435\u0442", "object": "\u041a\u043e\u043b\u043e\u0441\u0441 \u0420\u043e\u0434\u043e\u0441\u0441\u043a\u0438\u0439"}}, {"added": {"name": "\u041e\u0442\u0432\u0435\u0442", "object": "\u0425\u0440\u0430\u043c \u0410\u0440\u0442\u0435\u043c\u0438\u0434\u044b \u042d\u0444\u0435\u0441\u0441\u043a\u043e\u0439"}}]',8,2,'2025-08-02 07:53:05.951148');
INSERT INTO django_admin_log VALUES(15,'8','Кто стоял во главе рыцарских орденов?',1,'[{"added": {}}, {"added": {"name": "\u041e\u0442\u0432\u0435\u0442", "object": "\u0412\u0435\u043b\u0438\u043a\u0438\u0439 \u043c\u0430\u0433\u0438\u0441\u0442\u0440"}}, {"added": {"name": "\u041e\u0442\u0432\u0435\u0442", "object": "\u041c\u0430\u0433\u0438\u0441\u0442\u0440"}}, {"added": {"name": "\u041e\u0442\u0432\u0435\u0442", "object": "\u041c\u0430\u0440\u0448\u0430\u043b"}}, {"added": {"name": "\u041e\u0442\u0432\u0435\u0442", "object": "\u0412\u0441\u0435\u0432\u0435\u0434\u0443\u0449\u0438\u0439 \u043c\u0430\u0433\u0438\u0441\u0442\u0440"}}]',8,2,'2025-08-02 13:37:18.323093');
INSERT INTO django_admin_log VALUES(16,'9','Какое сражение вошло в историю как последняя победа рыцарской армии?',1,'[{"added": {}}, {"added": {"name": "\u041e\u0442\u0432\u0435\u0442", "object": "\u041e\u0441\u0430\u0434\u0430 \u0410\u043a\u0440\u044b(1291 \u0433.)"}}, {"added": {"name": "\u041e\u0442\u0432\u0435\u0442", "object": "\u041e\u0441\u0430\u0434\u0430 \u041c\u0430\u043b\u044c\u0442\u044b(1565 \u0433.)"}}, {"added": {"name": "\u041e\u0442\u0432\u0435\u0442", "object": "\u0411\u0438\u0442\u0432\u0430 \u043f\u0440\u0438 \u0413\u0440\u044e\u043d\u0432\u0430\u043b\u044c\u0434\u0435 (\u0432 1410 \u0433.)"}}]',8,2,'2025-08-02 13:44:43.565663');
INSERT INTO django_admin_log VALUES(17,'10','Какой из этих орденов формально уже не существует?',1,'[{"added": {}}, {"added": {"name": "\u041e\u0442\u0432\u0435\u0442", "object": "\u0422\u0435\u0432\u0442\u043e\u043d\u0446\u044b"}}, {"added": {"name": "\u041e\u0442\u0432\u0435\u0442", "object": "\u0422\u0430\u043c\u043f\u043b\u0438\u0435\u0440\u044b"}}, {"added": {"name": "\u041e\u0442\u0432\u0435\u0442", "object": "\u0413\u043e\u0441\u043f\u0438\u0442\u0430\u043b\u044c\u0435\u0440\u044b"}}]',8,2,'2025-08-02 13:46:56.395772');
INSERT INTO django_admin_log VALUES(18,'2','Крестовые походы',1,'[{"added": {}}]',9,2,'2025-08-02 13:47:48.759097');
INSERT INTO django_admin_log VALUES(19,'11','Какого крестового похода не было(из нижеперечисленных)?',1,'[{"added": {}}, {"added": {"name": "\u041e\u0442\u0432\u0435\u0442", "object": "\u041a\u0440\u0435\u0441\u0442\u043e\u0432\u043e\u0433\u043e \u043f\u043e\u0445\u043e\u0434\u0430 \u0434\u0435\u0442\u0435\u0439"}}, {"added": {"name": "\u041e\u0442\u0432\u0435\u0442", "object": "\u041a\u0440\u0435\u0441\u0442\u043e\u0432\u044b\u0439 \u043f\u043e\u0445\u043e\u0434 \u043f\u0440\u043e\u0442\u0438\u0432 \u0445\u0440\u0438\u0441\u0442\u0438\u0430\u043d"}}, {"added": {"name": "\u041e\u0442\u0432\u0435\u0442", "object": "\u041a\u0440\u0435\u0441\u0442\u043e\u0432\u044b\u0439 \u043f\u043e\u0445\u043e\u0434 \u043f\u0440\u043e\u0442\u0438\u0432 \u0410\u043d\u0433\u043b\u0438\u0438"}}, {"added": {"name": "\u041e\u0442\u0432\u0435\u0442", "object": "\u041a\u0440\u0435\u0441\u0442\u043e\u0432\u044b\u0439 \u043f\u043e\u0445\u043e\u0434 \u0431\u0435\u0434\u043d\u043e\u0442\u044b"}}]',8,2,'2025-08-02 13:55:28.990523');
INSERT INTO django_admin_log VALUES(20,'12','В каком крестовом походе участвовали сразу три короля?',1,'[{"added": {}}, {"added": {"name": "\u041e\u0442\u0432\u0435\u0442", "object": "\u0412\u0442\u043e\u0440\u043e\u0439 \u043a\u0440\u0435\u0441\u0442\u043e\u0432\u044b\u0439 \u043f\u043e\u0445\u043e\u0434"}}, {"added": {"name": "\u041e\u0442\u0432\u0435\u0442", "object": "\u0422\u0440\u0435\u0442\u0438\u0439 \u043a\u0440\u0435\u0441\u0442\u043e\u0432\u044b\u0439 \u043f\u043e\u0445\u043e\u0434"}}, {"added": {"name": "\u041e\u0442\u0432\u0435\u0442", "object": "\u0427\u0435\u0442\u0432\u0435\u0440\u0442\u044b\u0439 \u043a\u0440\u0435\u0441\u0442\u043e\u0432\u044b\u0439 \u043f\u043e\u0445\u043e\u0434"}}, {"added": {"name": "\u041e\u0442\u0432\u0435\u0442", "object": "\u041f\u044f\u0442\u044b\u0439 \u043a\u0440\u0435\u0441\u0442\u043e\u0432\u044b\u0439 \u043f\u043e\u0445\u043e\u0434"}}]',8,2,'2025-08-02 13:57:58.749352');
INSERT INTO django_admin_log VALUES(21,'13','Во время какого крестового похода была сказана фраза «Бей всех, Господ',1,'[{"added": {}}, {"added": {"name": "\u041e\u0442\u0432\u0435\u0442", "object": "\u041a\u0440\u0435\u0441\u0442\u043e\u0432\u044b\u0439 \u043f\u043e\u0445\u043e\u0434 \u0434\u0435\u0442\u0435\u0439"}}, {"added": {"name": "\u041e\u0442\u0432\u0435\u0442", "object": "\u0422\u0440\u0435\u0442\u0438\u0439 \u043a\u0440\u0435\u0441\u0442\u043e\u0432\u044b\u0439 \u043f\u043e\u0445\u043e\u0434"}}, {"added": {"name": "\u041e\u0442\u0432\u0435\u0442", "object": "\u0410\u043b\u044c\u0431\u0438\u0433\u043e\u0439\u0441\u043a\u0438\u0439 \u043a\u0440\u0435\u0441\u0442\u043e\u0432\u044b\u0439 \u043f\u043e\u0445\u043e\u0434\u0430"}}]',8,2,'2025-08-02 14:01:42.060682');
INSERT INTO django_admin_log VALUES(22,'14','Во время какого крестового похода разграбили Константинополь?',1,'[{"added": {}}, {"added": {"name": "\u041e\u0442\u0432\u0435\u0442", "object": "\u0412\u0442\u043e\u0440\u043e\u0433\u043e"}}, {"added": {"name": "\u041e\u0442\u0432\u0435\u0442", "object": "\u041f\u044f\u0442\u043e\u0433\u043e"}}, {"added": {"name": "\u041e\u0442\u0432\u0435\u0442", "object": "\u0422\u0440\u0435\u0442\u044c\u0435\u0433\u043e"}}, {"added": {"name": "\u041e\u0442\u0432\u0435\u0442", "object": "\u0427\u0435\u0442\u0432\u0435\u0440\u0442\u043e\u0433\u043e"}}]',8,2,'2025-08-02 14:04:20.277635');
INSERT INTO django_admin_log VALUES(23,'15','Какой рыцарский орден был тесно связан с Россией?',1,'[{"added": {}}, {"added": {"name": "\u041e\u0442\u0432\u0435\u0442", "object": "\u0422\u0435\u0432\u0442\u043e\u043d\u0446\u044b"}}, {"added": {"name": "\u041e\u0442\u0432\u0435\u0442", "object": "\u0422\u0430\u043c\u043f\u043b\u0438\u0435\u0440\u044b"}}, {"added": {"name": "\u041e\u0442\u0432\u0435\u0442", "object": "\u0413\u043e\u0441\u043f\u0438\u0442\u0430\u043b\u044c\u0435\u0440\u044b"}}]',8,2,'2025-08-02 14:05:40.710103');
INSERT INTO django_admin_log VALUES(24,'16','Как звали знаменитого проповедника в первом крестовом походе?',1,'[{"added": {}}, {"added": {"name": "\u041e\u0442\u0432\u0435\u0442", "object": "\u041f\u0451\u0442\u0440 \u041f\u0443\u0441\u0442\u044b\u043d\u043d\u0438\u043a"}}, {"added": {"name": "\u041e\u0442\u0432\u0435\u0442", "object": "\u041f\u0451\u0442\u0440 \u041e\u0442\u0441\u0442\u0443\u043f\u043d\u0438\u043a"}}, {"added": {"name": "\u041e\u0442\u0432\u0435\u0442", "object": "\u041f\u0451\u0442\u0440 \u041a\u0440\u0435\u0441\u0442\u043e\u043d\u043e\u0441\u0435\u0446"}}, {"added": {"name": "\u041e\u0442\u0432\u0435\u0442", "object": "\u041f\u0451\u0442\u0440 \u0411\u043b\u0430\u0436\u0435\u043d\u043d\u044b\u0439"}}]',8,2,'2025-08-02 14:08:05.491914');
INSERT INTO django_admin_log VALUES(25,'17','Кто из этих людей не относится к первому крестовому походу',1,'[{"added": {}}, {"added": {"name": "\u041e\u0442\u0432\u0435\u0442", "object": "\u041f\u0430\u043f\u0430 \u0423\u0440\u0431\u0430\u043d II"}}, {"added": {"name": "\u041e\u0442\u0432\u0435\u0442", "object": "\u041f\u0430\u043f\u0430 \u0423\u0440\u0431\u0430\u043d III"}}, {"added": {"name": "\u041e\u0442\u0432\u0435\u0442", "object": "\u0413\u043e\u0442\u0444\u0440\u0438\u0434 \u0411\u0443\u043b\u044c\u043e\u043d\u0441\u043a\u0438\u0439"}}, {"added": {"name": "\u041e\u0442\u0432\u0435\u0442", "object": "\u0411\u043e\u044d\u043c\u0443\u043d\u0434 \u0422\u0430\u0440\u0435\u043d\u0442\u0441\u043a\u0438\u0439"}}]',8,2,'2025-08-02 14:09:24.680239');
INSERT INTO django_admin_log VALUES(26,'18','Кто из крестоносцев отказался от титула короля Иерусалима, сказав «Нел',1,'[{"added": {}}, {"added": {"name": "\u041e\u0442\u0432\u0435\u0442", "object": "\u0411\u0430\u043b\u0434\u0443\u0438\u043d \u0411\u0443\u043b\u043e\u043d\u0441\u043a\u0438\u0439"}}, {"added": {"name": "\u041e\u0442\u0432\u0435\u0442", "object": "\u0411\u043e\u044d\u043c\u0443\u043d\u0434 \u0422\u0430\u0440\u0435\u043d\u0442\u0441\u043a\u0438\u0439"}}, {"added": {"name": "\u041e\u0442\u0432\u0435\u0442", "object": "\u0413\u043e\u0442\u0444\u0440\u0438\u0434 \u0411\u0443\u043b\u044c\u043e\u043d\u0441\u043a\u0438\u0439"}}]',8,2,'2025-08-02 14:11:09.034571');
INSERT INTO django_admin_log VALUES(27,'19','Крестовый поход против ... Папа Григорий IX в XIII веке объявил (кого?',1,'[{"added": {}}, {"added": {"name": "\u041e\u0442\u0432\u0435\u0442", "object": "\u0421\u043e\u0431\u0430\u043a"}}, {"added": {"name": "\u041e\u0442\u0432\u0435\u0442", "object": "\u041a\u043e\u0448\u0435\u043a"}}, {"added": {"name": "\u041e\u0442\u0432\u0435\u0442", "object": "\u041c\u044b\u0448\u0435\u0439"}}, {"added": {"name": "\u041e\u0442\u0432\u0435\u0442", "object": "\u0421\u0432\u0438\u043d\u0435\u0439"}}]',8,2,'2025-08-02 14:12:51.994501');
INSERT INTO django_admin_log VALUES(28,'15','Какой рыцарский орден был тесно связан с Россией?',2,'[{"changed": {"fields": ["\u0418\u0437\u043e\u0431\u0440\u0430\u0436\u0435\u043d\u0438\u0435"]}}]',8,2,'2025-08-02 14:13:40.769175');
INSERT INTO django_admin_log VALUES(29,'20','Кто из королей договорился, чтобы ему отдали Иерусалим за военную помо',1,'[{"added": {}}, {"added": {"name": "\u041e\u0442\u0432\u0435\u0442", "object": "\u0411\u0430\u043b\u0434\u0443\u0438\u043d I"}}, {"added": {"name": "\u041e\u0442\u0432\u0435\u0442", "object": "\u0410\u043b\u0435\u043a\u0441\u0438\u0439 I"}}, {"added": {"name": "\u041e\u0442\u0432\u0435\u0442", "object": "\u0424\u0440\u0438\u0434\u0440\u0438\u0445 III"}}, {"added": {"name": "\u041e\u0442\u0432\u0435\u0442", "object": "\u0424\u0440\u0438\u0434\u0440\u0438\u0445 II"}}]',8,2,'2025-08-02 14:20:30.510661');
INSERT INTO django_admin_log VALUES(30,'16','Как звали знаменитого проповедника в первом крестовом походе?',2,'[{"changed": {"fields": ["\u0418\u0437\u043e\u0431\u0440\u0430\u0436\u0435\u043d\u0438\u0435"]}}]',8,2,'2025-08-02 14:22:42.481726');
INSERT INTO django_admin_log VALUES(31,'10','Какой из этих орденов формально уже не существует?',2,'[{"changed": {"fields": ["\u0418\u0437\u043e\u0431\u0440\u0430\u0436\u0435\u043d\u0438\u0435"]}}]',8,2,'2025-08-02 14:23:53.835486');
CREATE TABLE IF NOT EXISTS "django_content_type" ("id" integer NOT NULL PRIMARY KEY AUTOINCREMENT, "app_label" varchar(100) NOT NULL, "model" varchar(100) NOT NULL);
INSERT INTO django_content_type VALUES(1,'admin','logentry');
INSERT INTO django_content_type VALUES(2,'auth','permission');
INSERT INTO django_content_type VALUES(3,'auth','group');
INSERT INTO django_content_type VALUES(4,'auth','user');
INSERT INTO django_content_type VALUES(5,'contenttypes','contenttype');
INSERT INTO django_content_type VALUES(6,'sessions','session');
INSERT INTO django_content_type VALUES(7,'captcha','captchastore');
INSERT INTO django_content_type VALUES(8,'questions','question');
INSERT INTO django_content_type VALUES(9,'questions','test');
INSERT INTO django_content_type VALUES(10,'questions','answer');
CREATE TABLE IF NOT EXISTS "auth_permission" ("id" integer NOT NULL PRIMARY KEY AUTOINCREMENT, "content_type_id" integer NOT NULL REFERENCES "django_content_type" ("id") DEFERRABLE INITIALLY DEFERRED, "codename" varchar(100) NOT NULL, "name" varchar(255) NOT NULL);
INSERT INTO auth_permission VALUES(1,1,'add_logentry','Can add log entry');
INSERT INTO auth_permission VALUES(2,1,'change_logentry','Can change log entry');
INSERT INTO auth_permission VALUES(3,1,'delete_logentry','Can delete log entry');
INSERT INTO auth_permission VALUES(4,1,'view_logentry','Can view log entry');
INSERT INTO auth_permission VALUES(5,2,'add_permission','Can add permission');
INSERT INTO auth_permission VALUES(6,2,'change_permission','Can change permission');
INSERT INTO auth_permission VALUES(7,2,'delete_permission','Can delete permission');
INSERT INTO auth_permission VALUES(8,2,'view_permission','Can view permission');
INSERT INTO auth_permission VALUES(9,3,'add_group','Can add group');
INSERT INTO auth_permission VALUES(10,3,'change_group','Can change group');
INSERT INTO auth_permission VALUES(11,3,'delete_group','Can delete group');
INSERT INTO auth_permission VALUES(12,3,'view_group','Can view group');
INSERT INTO auth_permission VALUES(13,4,'add_user','Can add user');
INSERT INTO auth_permission VALUES(14,4,'change_user','Can change user');
INSERT INTO auth_permission VALUES(15,4,'delete_user','Can delete user');
INSERT INTO auth_permission VALUES(16,4,'view_user','Can view user');
INSERT INTO auth_permission VALUES(17,5,'add_contenttype','Can add content type');
INSERT INTO auth_permission VALUES(18,5,'change_contenttype','Can change content type');
INSERT INTO auth_permission VALUES(19,5,'delete_contenttype','Can delete content type');
INSERT INTO auth_permission VALUES(20,5,'view_contenttype','Can view content type');
INSERT INTO auth_permission VALUES(21,6,'add_session','Can add session');
INSERT INTO auth_permission VALUES(22,6,'change_session','Can change session');
INSERT INTO auth_permission VALUES(23,6,'delete_session','Can delete session');
INSERT INTO auth_permission VALUES(24,6,'view_session','Can view session');
INSERT INTO auth_permission VALUES(25,7,'add_captchastore','Can add captcha store');
INSERT INTO auth_permission VALUES(26,7,'change_captchastore','Can change captcha store');
INSERT INTO auth_permission VALUES(27,7,'delete_captchastore','Can delete captcha store');
INSERT INTO auth_permission VALUES(28,7,'view_captchastore','Can view captcha store');
INSERT INTO auth_permission VALUES(29,8,'add_question','Can add Вопрос');
INSERT INTO auth_permission VALUES(30,8,'change_question','Can change Вопрос');
INSERT INTO auth_permission VALUES(31,8,'delete_question','Can delete Вопрос');
INSERT INTO auth_permission VALUES(32,8,'view_question','Can view Вопрос');
INSERT INTO auth_permission VALUES(33,9,'add_test','Can add Тест');
INSERT INTO auth_permission VALUES(34,9,'change_test','Can change Тест');
INSERT INTO auth_permission VALUES(35,9,'delete_test','Can delete Тест');
INSERT INTO auth_permission VALUES(36,9,'view_test','Can view Тест');
INSERT INTO auth_permission VALUES(37,10,'add_answer','Can add Ответ');
INSERT INTO auth_permission VALUES(38,10,'change_answer','Can change Ответ');
INSERT INTO auth_permission VALUES(39,10,'delete_answer','Can delete Ответ');
INSERT INTO auth_permission VALUES(40,10,'view_answer','Can view Ответ');
CREATE TABLE IF NOT EXISTS "auth_group" ("id" integer NOT NULL PRIMARY KEY AUTOINCREMENT, "name" varchar(150) NOT NULL UNIQUE);
CREATE TABLE IF NOT EXISTS "auth_user" ("id" integer NOT NULL PRIMARY KEY AUTOINCREMENT, "password" varchar(128) NOT NULL, "last_login" datetime NULL, "is_superuser" bool NOT NULL, "username" varchar(150) NOT NULL UNIQUE, "last_name" varchar(150) NOT NULL, "email" varchar(254) NOT NULL, "is_staff" bool NOT NULL, "is_active" bool NOT NULL, "date_joined" datetime NOT NULL, "first_name" varchar(150) NOT NULL);
INSERT INTO auth_user VALUES(2,'pbkdf2_sha256$1000000$JLSainci5HeO4sdwPSRj98$HAQP1OEsK2L97ByeLGpTpPaH8rNQGjUJfcF9BjEFHeg=','2025-08-03 06:58:29.425523',1,'dima','','sgjd@mail.ru',1,1,'2025-06-23 06:10:53.217812','');
CREATE TABLE IF NOT EXISTS "django_session" ("session_key" varchar(40) NOT NULL PRIMARY KEY, "session_data" text NOT NULL, "expire_date" datetime NOT NULL);
INSERT INTO django_session VALUES('fjshuhyzjax7qvhkxtxzzvvhs0lzsvml','.eJxVjDsOwjAQBe_iGlnrT_yhpM8ZLNvrxQHkSHFSIe5OIqWA9s3Me7MQt7WGrZclTMiuTLLL75ZifpZ2AHzEdp95ntu6TIkfCj9p5-OM5XU73b-DGnvd64xeJ0FGIUBWVnhJoL3TngQJ7-wwJKO03WmROVokMiBNcgpAkSbDPl_KDjcZ:1uTwLt:JDkjgtEuJzAMqCEgrOfrdcHVvwEX0U7D_wwOEUM2Dg0','2025-07-08 05:37:49.620431');
INSERT INTO django_session VALUES('b5p7vqp978z5o5d0n1h9o6a8r73dxm6m','.eJxVjDsOwjAQBe_iGlnrT_yhpM8ZLNvrxQHkSHFSIe5OIqWA9s3Me7MQt7WGrZclTMiuTLLL75ZifpZ2AHzEdp95ntu6TIkfCj9p5-OM5XU73b-DGnvd64xeJ0FGIUBWVnhJoL3TngQJ7-wwJKO03WmROVokMiBNcgpAkSbDPl_KDjcZ:1uiSft:1miNpdZk2LBHbAmT_DX8cUFt6JQyivb8s4A-NEd2XUk','2025-08-17 06:58:29.429107');
CREATE TABLE IF NOT EXISTS "captcha_captchastore" ("challenge" varchar(32) NOT NULL, "response" varchar(32) NOT NULL, "hashkey" varchar(40) NOT NULL UNIQUE, "expiration" datetime NOT NULL, "id" integer NOT NULL PRIMARY KEY AUTOINCREMENT);
INSERT INTO captcha_captchastore VALUES('DLRERK','dlrerk','c2a9d030f4c9ea37516541fcebd2d02f196bcbfd','2025-08-02 05:34:05.766734',14);
INSERT INTO captcha_captchastore VALUES('UPCXKK','upcxkk','a66b1a0eca48a0a54276a11ba5cadde7126738df','2025-08-02 05:34:09.726864',15);
INSERT INTO captcha_captchastore VALUES('BYXGQM','byxgqm','2f2af4738c82252c4a39afc7d1fb5544e53d3f35','2025-08-02 05:34:35.392359',16);
INSERT INTO captcha_captchastore VALUES('IUUUDA','iuuuda','17ac3578cb5b953d5aacb9fc30b0f3a6a8ebbc04','2025-08-02 05:34:58.761349',17);
INSERT INTO captcha_captchastore VALUES('KWUQQI','kwuqqi','7933dfa363ea1356b5da16860849d2ed018d9df8','2025-08-02 05:37:08.649147',18);
INSERT INTO captcha_captchastore VALUES('FBINXF','fbinxf','ce2cf21146363e4264bc91e748270e03522c2488','2025-08-02 05:37:15.798016',19);
INSERT INTO captcha_captchastore VALUES('NXGDTE','nxgdte','ba581d131f2758f509cfda47608f92bcfdc69505','2025-08-02 05:44:16.641131',20);
INSERT INTO captcha_captchastore VALUES('JCGYMP','jcgymp','0c6df3b7ed623ef6843434b5a6c0c47b6583a871','2025-08-02 05:47:18.092993',21);
INSERT INTO captcha_captchastore VALUES('MEYERQ','meyerq','428c53233bf382ba3fcef8160d0e0eac57ca0904','2025-08-02 05:47:21.132635',22);
INSERT INTO captcha_captchastore VALUES('IYKYDG','iykydg','4f3ea4062ccf6d534b96d589091e8f5ee19aca23','2025-08-03 06:57:31.716293',23);
INSERT INTO captcha_captchastore VALUES('GFQDXN','gfqdxn','46c754e6939e1edb59aaaad59cb1dbb347f93e1c','2025-08-03 06:58:30.701394',24);
INSERT INTO captcha_captchastore VALUES('KECHHI','kechhi','c9308c1e788a55138cf61b6d93e83b1a431dfb1d','2025-08-03 07:02:46.657465',25);
INSERT INTO captcha_captchastore VALUES('JAIMYD','jaimyd','ecd7a3742d48f733134d77f1f41942b8762b8c1f','2025-08-03 07:02:58.342998',26);
INSERT INTO captcha_captchastore VALUES('ALRRZN','alrrzn','316f0ad371557738cec5dbc761dcf4903dd2de3f','2025-08-03 07:03:11.682656',27);
INSERT INTO captcha_captchastore VALUES('HDLRAX','hdlrax','c24a636b799a3f646f7cded20d0c13f60af7c2c7','2025-08-03 07:03:13.783003',28);
CREATE TABLE IF NOT EXISTS "questions_test" ("id" integer NOT NULL PRIMARY KEY AUTOINCREMENT, "title" varchar(200) NOT NULL, "description" text NOT NULL, "created_at" datetime NOT NULL);
INSERT INTO questions_test VALUES(1,'Рыцарские ордена','Тест на знание истории рыцарских орденов','2025-08-02 07:31:16.530296');
INSERT INTO questions_test VALUES(2,'Крестовые походы','Проверьте ваши знания про Крестовые походы и события связанные с ними.','2025-08-02 13:47:48.756079');
CREATE TABLE IF NOT EXISTS "questions_answer" ("id" integer NOT NULL PRIMARY KEY AUTOINCREMENT, "text" varchar(300) NOT NULL, "is_correct" bool NOT NULL, "explanation" text NOT NULL, "questions_id" bigint NOT NULL REFERENCES "questions_question" ("id") DEFERRABLE INITIALLY DEFERRED);
INSERT INTO questions_answer VALUES(1,'1098-1100',0,'',1);
INSERT INTO questions_answer VALUES(2,'1095-1098',0,'',1);
INSERT INTO questions_answer VALUES(3,'1096-1099',1,'',1);
INSERT INTO questions_answer VALUES(4,'1095-1100',0,'',1);
INSERT INTO questions_answer VALUES(5,'Тевтонцы',1,'',2);
INSERT INTO questions_answer VALUES(6,'Тамплиеры',1,'',2);
INSERT INTO questions_answer VALUES(7,'Госпитальеры',0,'',2);
INSERT INTO questions_answer VALUES(8,'Тевтонцы',0,'',3);
INSERT INTO questions_answer VALUES(9,'Тамплиеры',0,'',3);
INSERT INTO questions_answer VALUES(10,'Госпитальеры',1,'',3);
INSERT INTO questions_answer VALUES(11,'Тевтонцы',1,'',4);
INSERT INTO questions_answer VALUES(12,'Тамплиеры',0,'',4);
INSERT INTO questions_answer VALUES(13,'Госпитальеры',0,'',4);
INSERT INTO questions_answer VALUES(14,'1290',0,'',5);
INSERT INTO questions_answer VALUES(15,'1292',0,'',5);
INSERT INTO questions_answer VALUES(16,'1190',0,'',5);
INSERT INTO questions_answer VALUES(17,'1291',1,'',5);
INSERT INTO questions_answer VALUES(18,'Жак де Моле',0,'',6);
INSERT INTO questions_answer VALUES(19,'Герман фон Зальца',0,'',6);
INSERT INTO questions_answer VALUES(20,'Жана Паризо де ла Валлетта',1,'',6);
INSERT INTO questions_answer VALUES(21,'Мавзолей в Галикарнасе',1,'',7);
INSERT INTO questions_answer VALUES(22,'Колосс Родосский',0,'',7);
INSERT INTO questions_answer VALUES(23,'Храм Артемиды Эфесской',0,'',7);
INSERT INTO questions_answer VALUES(24,'Великий магистр',1,'',8);
INSERT INTO questions_answer VALUES(25,'Магистр',0,'',8);
INSERT INTO questions_answer VALUES(26,'Маршал',0,'',8);
INSERT INTO questions_answer VALUES(27,'Всеведущий магистр',0,'',8);
INSERT INTO questions_answer VALUES(28,'Осада Акры(1291 г.)',0,'',9);
INSERT INTO questions_answer VALUES(29,'Осада Мальты(1565 г.)',1,'',9);
INSERT INTO questions_answer VALUES(30,'Битва при Грюнвальде (в 1410 г.)',0,'',9);
INSERT INTO questions_answer VALUES(31,'Тевтонцы',0,'',10);
INSERT INTO questions_answer VALUES(32,'Тамплиеры',1,'',10);
INSERT INTO questions_answer VALUES(33,'Госпитальеры',0,'',10);
INSERT INTO questions_answer VALUES(34,'Крестового похода детей',0,'',11);
INSERT INTO questions_answer VALUES(35,'Крестовый поход против христиан',0,'',11);
INSERT INTO questions_answer VALUES(36,'Крестовый поход против Англии',1,'',11);
INSERT INTO questions_answer VALUES(37,'Крестовый поход бедноты',0,'',11);
INSERT INTO questions_answer VALUES(38,'Второй крестовый поход',0,'',12);
INSERT INTO questions_answer VALUES(39,'Третий крестовый поход',1,'',12);
INSERT INTO questions_answer VALUES(40,'Четвертый крестовый поход',0,'',12);
INSERT INTO questions_answer VALUES(41,'Пятый крестовый поход',0,'',12);
INSERT INTO questions_answer VALUES(42,'Крестовый поход детей',0,'',13);
INSERT INTO questions_answer VALUES(43,'Третий крестовый поход',0,'',13);
INSERT INTO questions_answer VALUES(44,'Альбигойский крестовый похода',1,'',13);
INSERT INTO questions_answer VALUES(45,'Второго',0,'',14);
INSERT INTO questions_answer VALUES(46,'Пятого',0,'',14);
INSERT INTO questions_answer VALUES(47,'Третьего',0,'',14);
INSERT INTO questions_answer VALUES(48,'Четвертого',1,'',14);
INSERT INTO questions_answer VALUES(49,'Тевтонцы',0,'',15);
INSERT INTO questions_answer VALUES(50,'Тамплиеры',0,'',15);
INSERT INTO questions_answer VALUES(51,'Госпитальеры',1,'',15);
INSERT INTO questions_answer VALUES(52,'Пётр Пустынник',1,'',16);
INSERT INTO questions_answer VALUES(53,'Пётр Отступник',0,'',16);
INSERT INTO questions_answer VALUES(54,'Пётр Крестоносец',0,'',16);
INSERT INTO questions_answer VALUES(55,'Пётр Блаженный',0,'',16);
INSERT INTO questions_answer VALUES(56,'Папа Урбан II',0,'',17);
INSERT INTO questions_answer VALUES(57,'Папа Урбан III',1,'',17);
INSERT INTO questions_answer VALUES(58,'Готфрид Бульонский',0,'',17);
INSERT INTO questions_answer VALUES(59,'Боэмунд Тарентский',0,'',17);
INSERT INTO questions_answer VALUES(60,'Балдуин Булонский',0,'',18);
INSERT INTO questions_answer VALUES(61,'Боэмунд Тарентский',0,'',18);
INSERT INTO questions_answer VALUES(62,'Готфрид Бульонский',1,'',18);
INSERT INTO questions_answer VALUES(63,'Собак',0,'',19);
INSERT INTO questions_answer VALUES(64,'Кошек',1,'',19);
INSERT INTO questions_answer VALUES(65,'Мышей',0,'',19);
INSERT INTO questions_answer VALUES(66,'Свиней',0,'',19);
INSERT INTO questions_answer VALUES(67,'Балдуин I',0,'',20);
INSERT INTO questions_answer VALUES(68,'Алексий I',0,'',20);
INSERT INTO questions_answer VALUES(69,'Фридрих III',0,'',20);
INSERT INTO questions_answer VALUES(70,'Фридрих II',1,'',20);
CREATE TABLE IF NOT EXISTS "questions_question" ("id" integer NOT NULL PRIMARY KEY AUTOINCREMENT, "text" text NOT NULL, "order" integer unsigned NOT NULL CHECK ("order" >= 0), "image" varchar(100) NULL, "test_id" bigint NOT NULL REFERENCES "questions_test" ("id") DEFERRABLE INITIALLY DEFERRED);
INSERT INTO questions_question VALUES(1,'Когда начался первый крестовый поход?',1,'questions/Bohemond_of_Taranto_battle_of_Antioch.jpg',1);
INSERT INTO questions_question VALUES(2,'Знак какого ордена изображен на картинке?',2,'questions/i_1.webp',1);
INSERT INTO questions_question VALUES(3,'Знак какого ордена изображен на картинке?',3,'questions/Early_Cross_of_the_Knights_Hospitaller.svg.png',1);
INSERT INTO questions_question VALUES(4,'Знак какого ордена изображен на картинке?',4,'questions/i_2.webp',1);
INSERT INTO questions_question VALUES(5,'Когда крестоносцы потеряли Акру(последний оплот на Ближнем Востоке)?',5,'questions/TOC-M-Nov16-1-crop-2048x1152.jpg',1);
INSERT INTO questions_question VALUES(6,'В честь какого магистра названа столица острова Мальты',6,'questions/S600xU_2x.webp',1);
INSERT INTO questions_question VALUES(7,'Руины какого чуда света разграбили госпитальеры для строительства крепостей?',7,'',1);
INSERT INTO questions_question VALUES(8,'Кто стоял во главе рыцарских орденов?',8,'',1);
INSERT INTO questions_question VALUES(9,'Какое сражение вошло в историю как последняя победа рыцарской армии?',9,'',1);
INSERT INTO questions_question VALUES(10,'Какой из этих орденов формально уже не существует?',10,'questions/1465548266_5.-kresty-3.jpg',1);
INSERT INTO questions_question VALUES(11,'Какого крестового похода не было(из нижеперечисленных)?',1,'',2);
INSERT INTO questions_question VALUES(12,'В каком крестовом походе участвовали сразу три короля?',2,'questions/a54a45f668727bcccfabfc9ed0ddae1f.jpg',2);
INSERT INTO questions_question VALUES(13,'Во время какого крестового похода была сказана фраза «Бей всех, Господь узнает своих»?',3,'',2);
INSERT INTO questions_question VALUES(14,'Во время какого крестового похода разграбили Константинополь?',4,'questions/ConquestOfConstantinopleByTheCrusadersIn1204.jpg',2);
INSERT INTO questions_question VALUES(15,'Какой рыцарский орден был тесно связан с Россией?',5,'questions/i_4.webp',2);
INSERT INTO questions_question VALUES(16,'Как звали знаменитого проповедника в первом крестовом походе?',6,'questions/3526790_original.jpg',2);
INSERT INTO questions_question VALUES(17,'Кто из этих людей не относится к первому крестовому походу',7,'',2);
INSERT INTO questions_question VALUES(18,'Кто из крестоносцев отказался от титула короля Иерусалима, сказав «Нельзя носить золотой венец там, где Христос носил терновый»?',8,'questions/i_3.webp',2);
INSERT INTO questions_question VALUES(19,'Крестовый поход против ... Папа Григорий IX в XIII веке объявил (кого?) «слугами дьявола»',9,'',2);
INSERT INTO questions_question VALUES(20,'Кто из королей договорился, чтобы ему отдали Иерусалим за военную помощь и перемирие? (единственный случай, когда город вернули христианам без боя)',10,'questions/maxresdefault.jpg',2);
INSERT INTO sqlite_sequence VALUES('django_migrations',21);
INSERT INTO sqlite_sequence VALUES('django_admin_log',31);
INSERT INTO sqlite_sequence VALUES('django_content_type',10);
INSERT INTO sqlite_sequence VALUES('auth_permission',40);
INSERT INTO sqlite_sequence VALUES('auth_group',0);
INSERT INTO sqlite_sequence VALUES('auth_user',6);
INSERT INTO sqlite_sequence VALUES('captcha_captchastore',28);
INSERT INTO sqlite_sequence VALUES('questions_question',20);
INSERT INTO sqlite_sequence VALUES('questions_test',2);
INSERT INTO sqlite_sequence VALUES('questions_answer',70);
CREATE UNIQUE INDEX "auth_group_permissions_group_id_permission_id_0cd325b0_uniq" ON "auth_group_permissions" ("group_id", "permission_id");
CREATE INDEX "auth_group_permissions_group_id_b120cbf9" ON "auth_group_permissions" ("group_id");
CREATE INDEX "auth_group_permissions_permission_id_84c5c92e" ON "auth_group_permissions" ("permission_id");
CREATE UNIQUE INDEX "auth_user_groups_user_id_group_id_94350c0c_uniq" ON "auth_user_groups" ("user_id", "group_id");
CREATE INDEX "auth_user_groups_user_id_6a12ed8b" ON "auth_user_groups" ("user_id");
CREATE INDEX "auth_user_groups_group_id_97559544" ON "auth_user_groups" ("group_id");
CREATE UNIQUE INDEX "auth_user_user_permissions_user_id_permission_id_14a6b632_uniq" ON "auth_user_user_permissions" ("user_id", "permission_id");
CREATE INDEX "auth_user_user_permissions_user_id_a95ead1b" ON "auth_user_user_permissions" ("user_id");
CREATE INDEX "auth_user_user_permissions_permission_id_1fbb5f2c" ON "auth_user_user_permissions" ("permission_id");
CREATE INDEX "django_admin_log_content_type_id_c4bce8eb" ON "django_admin_log" ("content_type_id");
CREATE INDEX "django_admin_log_user_id_c564eba6" ON "django_admin_log" ("user_id");
CREATE UNIQUE INDEX "django_content_type_app_label_model_76bd3d3b_uniq" ON "django_content_type" ("app_label", "model");
CREATE UNIQUE INDEX "auth_permission_content_type_id_codename_01ab375a_uniq" ON "auth_permission" ("content_type_id", "codename");
CREATE INDEX "auth_permission_content_type_id_2f476e4b" ON "auth_permission" ("content_type_id");
CREATE INDEX "django_session_expire_date_a5c62663" ON "django_session" ("expire_date");
CREATE INDEX "questions_answer_questions_id_f0d7d2bd" ON "questions_answer" ("questions_id");
CREATE INDEX "questions_question_test_id_504c78c7" ON "questions_question" ("test_id");
COMMIT;
