[
{
    "model": "questions.test",
    "pk": 1,
    "fields": {
        "title": "Рыцарские ордена. Сложность: легкая",
        "description": "Проверьте себя на знание рыцарских орденов и связанных исторических событий!",
        "created_at": "2025-08-20T06:26:58.595Z"
    }
},
{
    "model": "questions.test",
    "pk": 2,
    "fields": {
        "title": "Крестовые походы. Сложность: легкая",
        "description": "Проверь свои знания в истории крестовых походов!",
        "created_at": "2025-08-20T06:45:18.760Z"
    }
},
{
    "model": "questions.question",
    "pk": 1,
    "fields": {
        "test": 1,
        "text": "Какой орден изображен на фото?",
        "order": 1,
        "image": "questions/i_1.webp"
    }
},
{
    "model": "questions.question",
    "pk": 2,
    "fields": {
        "test": 1,
        "text": "Какой орден изображен на фото?",
        "order": 2,
        "image": "questions/i_2.webp"
    }
},
{
    "model": "questions.question",
    "pk": 3,
    "fields": {
        "test": 1,
        "text": "Какой орден изображен на фото?",
        "order": 3,
        "image": "questions/Early_Cross_of_the_Knights_Hospitaller.svg.png"
    }
},
{
    "model": "questions.question",
    "pk": 4,
    "fields": {
        "test": 1,
        "text": "Как еще называли госпитальеров?",
        "order": 4,
        "image": ""
    }
},
{
    "model": "questions.question",
    "pk": 5,
    "fields": {
        "test": 1,
        "text": "Какой русский император стал Великим магистром одного из орденов?",
        "order": 5,
        "image": "questions/i_4.webp"
    }
},
{
    "model": "questions.question",
    "pk": 6,
    "fields": {
        "test": 1,
        "text": "Какой орден просил помощи у Российского императора?",
        "order": 6,
        "image": ""
    }
},
{
    "model": "questions.question",
    "pk": 7,
    "fields": {
        "test": 1,
        "text": "Высшее звание в рыцарском ордене",
        "order": 7,
        "image": "questions/magistr.webp"
    }
},
{
    "model": "questions.question",
    "pk": 8,
    "fields": {
        "test": 1,
        "text": "Главу какого ордена сожгли на костре и после этого их история закончилась?",
        "order": 8,
        "image": "questions/scale_1200.jfif"
    }
},
{
    "model": "questions.question",
    "pk": 9,
    "fields": {
        "test": 2,
        "text": "Какова была главная, официально провозглашенная цель Первого крестового похода?",
        "order": 1,
        "image": "questions/maxresdefault.jpg"
    }
},
{
    "model": "questions.question",
    "pk": 10,
    "fields": {
        "test": 2,
        "text": "Кто из пап римских призвал к началу Первого крестового похода в 1095 году?",
        "order": 2,
        "image": "questions/urban.jfif"
    }
},
{
    "model": "questions.question",
    "pk": 11,
    "fields": {
        "test": 2,
        "text": "Главный проповедник и идейных вдохновитель крестового похода бедноты",
        "order": 3,
        "image": "questions/3526790_original.jpg"
    }
},
{
    "model": "questions.question",
    "pk": 12,
    "fields": {
        "test": 2,
        "text": "Четвертый крестовый поход (1202-1204) печально известен тем, что крестоносцы разграбили...",
        "order": 4,
        "image": ""
    }
},
{
    "model": "questions.question",
    "pk": 13,
    "fields": {
        "test": 2,
        "text": "Кто сказал фразу: \"Я не желаю носить золотой венец там, где Царь царей носил терновый венец\"?",
        "order": 5,
        "image": "questions/i_3.webp"
    }
},
{
    "model": "questions.question",
    "pk": 14,
    "fields": {
        "test": 2,
        "text": "Какой город был последним оплотом крестоносцев на Ближнем Востоке, павшим в 1291 году?",
        "order": 6,
        "image": "questions/TOC-M-Nov16-1-crop-2048x1152.jpg"
    }
},
{
    "model": "questions.question",
    "pk": 15,
    "fields": {
        "test": 2,
        "text": "Какой лозунг был провозглашен Папой Урбаном II при призыве к Первому крестовому походу?",
        "order": 7,
        "image": "questions/7dced6de0c18c7ffe164e75bc528c1f4.jpg"
    }
},
{
    "model": "questions.question",
    "pk": 16,
    "fields": {
        "test": 2,
        "text": "Кто возглавил Третий крестовый поход со стороны европейских монархов?",
        "order": 8,
        "image": "questions/cre.webp"
    }
},
{
    "model": "questions.question",
    "pk": 17,
    "fields": {
        "test": 1,
        "text": "Какой из орденов фактически создал свое государство?",
        "order": 9,
        "image": ""
    }
},
{
    "model": "questions.question",
    "pk": 18,
    "fields": {
        "test": 1,
        "text": "Какой орден существует до сих пор?",
        "order": 10,
        "image": "questions/1465548266_5.-kresty-3.jpg"
    }
},
{
    "model": "questions.answer",
    "pk": 1,
    "fields": {
        "questions": 1,
        "text": "Тевтонский",
        "is_correct": false,
        "explanation": ""
    }
},
{
    "model": "questions.answer",
    "pk": 2,
    "fields": {
        "questions": 1,
        "text": "Тамплиеры",
        "is_correct": true,
        "explanation": ""
    }
},
{
    "model": "questions.answer",
    "pk": 3,
    "fields": {
        "questions": 1,
        "text": "Госпитальеры",
        "is_correct": false,
        "explanation": ""
    }
},
{
    "model": "questions.answer",
    "pk": 4,
    "fields": {
        "questions": 2,
        "text": "Тевтонский",
        "is_correct": true,
        "explanation": ""
    }
},
{
    "model": "questions.answer",
    "pk": 5,
    "fields": {
        "questions": 2,
        "text": "Тамплиеры",
        "is_correct": false,
        "explanation": ""
    }
},
{
    "model": "questions.answer",
    "pk": 6,
    "fields": {
        "questions": 2,
        "text": "Госпитальеры",
        "is_correct": false,
        "explanation": ""
    }
},
{
    "model": "questions.answer",
    "pk": 7,
    "fields": {
        "questions": 3,
        "text": "Тевтонский",
        "is_correct": false,
        "explanation": ""
    }
},
{
    "model": "questions.answer",
    "pk": 8,
    "fields": {
        "questions": 3,
        "text": "Тамплиеры",
        "is_correct": false,
        "explanation": ""
    }
},
{
    "model": "questions.answer",
    "pk": 9,
    "fields": {
        "questions": 3,
        "text": "Госпитальеры",
        "is_correct": true,
        "explanation": ""
    }
},
{
    "model": "questions.answer",
    "pk": 10,
    "fields": {
        "questions": 4,
        "text": "Храмовники",
        "is_correct": false,
        "explanation": ""
    }
},
{
    "model": "questions.answer",
    "pk": 11,
    "fields": {
        "questions": 4,
        "text": "Иоанниты",
        "is_correct": true,
        "explanation": "Госпитальеры (или иоанниты) получили своё название от госпиталя святого Иоанна в Иерусалиме, от которого и произошло наименование ордена."
    }
},
{
    "model": "questions.answer",
    "pk": 12,
    "fields": {
        "questions": 4,
        "text": "Меченосцы",
        "is_correct": false,
        "explanation": ""
    }
},
{
    "model": "questions.answer",
    "pk": 13,
    "fields": {
        "questions": 5,
        "text": "Александр I",
        "is_correct": false,
        "explanation": ""
    }
},
{
    "model": "questions.answer",
    "pk": 14,
    "fields": {
        "questions": 5,
        "text": "Николай I",
        "is_correct": false,
        "explanation": ""
    }
},
{
    "model": "questions.answer",
    "pk": 15,
    "fields": {
        "questions": 5,
        "text": "Пётр III",
        "is_correct": false,
        "explanation": ""
    }
},
{
    "model": "questions.answer",
    "pk": 16,
    "fields": {
        "questions": 5,
        "text": "Павел I",
        "is_correct": true,
        "explanation": "Павел I был Великим магистром (гроссмейстером) Мальтийского ордена. Это произошло в 1798 году, когда Наполеон без боя захватил остров Мальта, и рыцари ордена обратились к Павлу I за помощью. Император предложил им обосноваться в России."
    }
},
{
    "model": "questions.answer",
    "pk": 17,
    "fields": {
        "questions": 6,
        "text": "Тевтонский",
        "is_correct": false,
        "explanation": ""
    }
},
{
    "model": "questions.answer",
    "pk": 18,
    "fields": {
        "questions": 6,
        "text": "Тамплиеры",
        "is_correct": false,
        "explanation": ""
    }
},
{
    "model": "questions.answer",
    "pk": 19,
    "fields": {
        "questions": 6,
        "text": "Госпитальеры",
        "is_correct": true,
        "explanation": ""
    }
},
{
    "model": "questions.answer",
    "pk": 20,
    "fields": {
        "questions": 7,
        "text": "Тайный глава",
        "is_correct": false,
        "explanation": ""
    }
},
{
    "model": "questions.answer",
    "pk": 21,
    "fields": {
        "questions": 7,
        "text": "Великий магистр",
        "is_correct": true,
        "explanation": ""
    }
},
{
    "model": "questions.answer",
    "pk": 22,
    "fields": {
        "questions": 7,
        "text": "Верховный магистр",
        "is_correct": false,
        "explanation": ""
    }
},
{
    "model": "questions.answer",
    "pk": 23,
    "fields": {
        "questions": 7,
        "text": "Глава союза рыцарей",
        "is_correct": false,
        "explanation": ""
    }
},
{
    "model": "questions.answer",
    "pk": 24,
    "fields": {
        "questions": 8,
        "text": "Тевтонцев",
        "is_correct": false,
        "explanation": ""
    }
},
{
    "model": "questions.answer",
    "pk": 25,
    "fields": {
        "questions": 8,
        "text": "Тамплиеров",
        "is_correct": true,
        "explanation": "В 1307 году король Филипп IV Красивый решил уничтожить орден и конфисковать его богатства. Он обвинил тамплиеров в ереси и богохульстве, арестовал их и конфисковал все их владения. Жак де Моле был заключён в темницу и подвергнут пыткам, чтобы признаться в ложных обвинениях. Несмотря на мучения, он не сломался и отказался отречься от своей веры. В 1314 году де Моле сожгли на костре на парижском острове Сите"
    }
},
{
    "model": "questions.answer",
    "pk": 26,
    "fields": {
        "questions": 8,
        "text": "Госпитальеров",
        "is_correct": false,
        "explanation": ""
    }
},
{
    "model": "questions.answer",
    "pk": 27,
    "fields": {
        "questions": 9,
        "text": "Завоевание богатств Византии",
        "is_correct": false,
        "explanation": ""
    }
},
{
    "model": "questions.answer",
    "pk": 28,
    "fields": {
        "questions": 9,
        "text": "Освобождение Иерусалима и Гроба Господня от мусульман",
        "is_correct": true,
        "explanation": ""
    }
},
{
    "model": "questions.answer",
    "pk": 29,
    "fields": {
        "questions": 9,
        "text": "Обращение в христианство кочевых народов Малой Азии",
        "is_correct": false,
        "explanation": ""
    }
},
{
    "model": "questions.answer",
    "pk": 30,
    "fields": {
        "questions": 10,
        "text": "Иннокентий III",
        "is_correct": false,
        "explanation": ""
    }
},
{
    "model": "questions.answer",
    "pk": 31,
    "fields": {
        "questions": 10,
        "text": "Григорий VII",
        "is_correct": false,
        "explanation": ""
    }
},
{
    "model": "questions.answer",
    "pk": 32,
    "fields": {
        "questions": 10,
        "text": "Урбан II",
        "is_correct": true,
        "explanation": "Самым знаменательным событием в правлении Урбана II стала его пламенная речь в ноябре 1095 года перед народом Франции, которая впоследствии была признана как наиболее эффективная речь во всей европейской истории. Папа Урбан II призвал силой освободить Святую Землю от турецкого засилья, и народ радостно поддержал его."
    }
},
{
    "model": "questions.answer",
    "pk": 33,
    "fields": {
        "questions": 10,
        "text": "Бонифаций VIII",
        "is_correct": false,
        "explanation": ""
    }
},
{
    "model": "questions.answer",
    "pk": 34,
    "fields": {
        "questions": 11,
        "text": "Петр Пустынник",
        "is_correct": true,
        "explanation": "Французский монах, предводитель Крестового похода бедноты (Крестьянского крестового похода) — первого этапа Первого крестового похода. Продлился с апреля по октябрь 1096 года."
    }
},
{
    "model": "questions.answer",
    "pk": 35,
    "fields": {
        "questions": 11,
        "text": "Петр Отступник",
        "is_correct": false,
        "explanation": ""
    }
},
{
    "model": "questions.answer",
    "pk": 36,
    "fields": {
        "questions": 11,
        "text": "Петр Святой",
        "is_correct": false,
        "explanation": ""
    }
},
{
    "model": "questions.answer",
    "pk": 37,
    "fields": {
        "questions": 11,
        "text": "Иннокентий Великий",
        "is_correct": false,
        "explanation": ""
    }
},
{
    "model": "questions.answer",
    "pk": 38,
    "fields": {
        "questions": 12,
        "text": "Каир",
        "is_correct": false,
        "explanation": ""
    }
},
{
    "model": "questions.answer",
    "pk": 39,
    "fields": {
        "questions": 12,
        "text": "Дамаск",
        "is_correct": false,
        "explanation": ""
    }
},
{
    "model": "questions.answer",
    "pk": 40,
    "fields": {
        "questions": 12,
        "text": "Рим",
        "is_correct": false,
        "explanation": ""
    }
},
{
    "model": "questions.answer",
    "pk": 41,
    "fields": {
        "questions": 12,
        "text": "Константинополь",
        "is_correct": true,
        "explanation": ""
    }
},
{
    "model": "questions.answer",
    "pk": 42,
    "fields": {
        "questions": 13,
        "text": "Готфрид Бульонский",
        "is_correct": true,
        "explanation": ""
    }
},
{
    "model": "questions.answer",
    "pk": 43,
    "fields": {
        "questions": 13,
        "text": "Роберт, герцог Нормандский",
        "is_correct": false,
        "explanation": ""
    }
},
{
    "model": "questions.answer",
    "pk": 44,
    "fields": {
        "questions": 13,
        "text": "Раймунд, граф Тулузский",
        "is_correct": false,
        "explanation": ""
    }
},
{
    "model": "questions.answer",
    "pk": 45,
    "fields": {
        "questions": 13,
        "text": "Боэмунд Тарентский",
        "is_correct": false,
        "explanation": ""
    }
},
{
    "model": "questions.answer",
    "pk": 46,
    "fields": {
        "questions": 14,
        "text": "Иерусалим",
        "is_correct": false,
        "explanation": ""
    }
},
{
    "model": "questions.answer",
    "pk": 47,
    "fields": {
        "questions": 14,
        "text": "Антиохия",
        "is_correct": false,
        "explanation": ""
    }
},
{
    "model": "questions.answer",
    "pk": 48,
    "fields": {
        "questions": 14,
        "text": "Акра",
        "is_correct": true,
        "explanation": ""
    }
},
{
    "model": "questions.answer",
    "pk": 49,
    "fields": {
        "questions": 15,
        "text": "\"Такова воля Божья!\"",
        "is_correct": true,
        "explanation": ""
    }
},
{
    "model": "questions.answer",
    "pk": 50,
    "fields": {
        "questions": 15,
        "text": "\"За веру и отечество!\"",
        "is_correct": false,
        "explanation": ""
    }
},
{
    "model": "questions.answer",
    "pk": 51,
    "fields": {
        "questions": 15,
        "text": "\"Освободите христианские земли\"",
        "is_correct": false,
        "explanation": ""
    }
},
{
    "model": "questions.answer",
    "pk": 52,
    "fields": {
        "questions": 16,
        "text": "Карл Великий, Филипп II Август и Фридрих I Барбаросса",
        "is_correct": false,
        "explanation": ""
    }
},
{
    "model": "questions.answer",
    "pk": 53,
    "fields": {
        "questions": 16,
        "text": "Ричард I Львиное Сердце, Филипп II Август и Фридрих I Барбаросса",
        "is_correct": true,
        "explanation": ""
    }
},
{
    "model": "questions.answer",
    "pk": 54,
    "fields": {
        "questions": 16,
        "text": "Фридрих II, Людовик IX и Генрих II",
        "is_correct": false,
        "explanation": ""
    }
},
{
    "model": "questions.answer",
    "pk": 55,
    "fields": {
        "questions": 17,
        "text": "Тевтонцы",
        "is_correct": true,
        "explanation": ""
    }
},
{
    "model": "questions.answer",
    "pk": 56,
    "fields": {
        "questions": 17,
        "text": "Тамплиеры",
        "is_correct": false,
        "explanation": ""
    }
},
{
    "model": "questions.answer",
    "pk": 57,
    "fields": {
        "questions": 17,
        "text": "Госпитальеры",
        "is_correct": false,
        "explanation": ""
    }
},
{
    "model": "questions.answer",
    "pk": 58,
    "fields": {
        "questions": 18,
        "text": "Меченосцев",
        "is_correct": false,
        "explanation": ""
    }
},
{
    "model": "questions.answer",
    "pk": 59,
    "fields": {
        "questions": 18,
        "text": "Тамплиеров",
        "is_correct": false,
        "explanation": ""
    }
},
{
    "model": "questions.answer",
    "pk": 60,
    "fields": {
        "questions": 18,
        "text": "Мальтийский",
        "is_correct": true,
        "explanation": "Штаб-квартира ордена находится в Риме (Италия). Орден не имеет собственной территории, но обладает экстерриториальными правами на Мальтийский дворец и Виллу Мальта в Риме общей площадью около 0,012 км²."
    }
},
{
    "model": "admin.logentry",
    "pk": 1,
    "fields": {
        "action_time": "2025-08-20T06:26:58.597Z",
        "user": 1,
        "content_type": 3,
        "object_id": "1",
        "object_repr": "Рыцарские ордена",
        "action_flag": 1,
        "change_message": "[{\"added\": {}}]"
    }
},
{
    "model": "admin.logentry",
    "pk": 2,
    "fields": {
        "action_time": "2025-08-20T06:30:01.131Z",
        "user": 1,
        "content_type": 2,
        "object_id": "1",
        "object_repr": "Какой орден изображен на фото?",
        "action_flag": 1,
        "change_message": "[{\"added\": {}}, {\"added\": {\"name\": \"\\u041e\\u0442\\u0432\\u0435\\u0442\", \"object\": \"\\u0422\\u0435\\u0432\\u0442\\u043e\\u043d\\u0441\\u043a\\u0438\\u0439\"}}, {\"added\": {\"name\": \"\\u041e\\u0442\\u0432\\u0435\\u0442\", \"object\": \"\\u0422\\u0430\\u043c\\u043f\\u043b\\u0438\\u0435\\u0440\\u044b\"}}, {\"added\": {\"name\": \"\\u041e\\u0442\\u0432\\u0435\\u0442\", \"object\": \"\\u0413\\u043e\\u0441\\u043f\\u0438\\u0442\\u0430\\u043b\\u044c\\u0435\\u0440\\u044b\"}}]"
    }
},
{
    "model": "admin.logentry",
    "pk": 3,
    "fields": {
        "action_time": "2025-08-20T06:30:21.962Z",
        "user": 1,
        "content_type": 2,
        "object_id": "2",
        "object_repr": "Какой орден изображен на фото?",
        "action_flag": 1,
        "change_message": "[{\"added\": {}}, {\"added\": {\"name\": \"\\u041e\\u0442\\u0432\\u0435\\u0442\", \"object\": \"\\u0422\\u0435\\u0432\\u0442\\u043e\\u043d\\u0441\\u043a\\u0438\\u0439\"}}, {\"added\": {\"name\": \"\\u041e\\u0442\\u0432\\u0435\\u0442\", \"object\": \"\\u0422\\u0430\\u043c\\u043f\\u043b\\u0438\\u0435\\u0440\\u044b\"}}, {\"added\": {\"name\": \"\\u041e\\u0442\\u0432\\u0435\\u0442\", \"object\": \"\\u0413\\u043e\\u0441\\u043f\\u0438\\u0442\\u0430\\u043b\\u044c\\u0435\\u0440\\u044b\"}}]"
    }
},
{
    "model": "admin.logentry",
    "pk": 4,
    "fields": {
        "action_time": "2025-08-20T06:30:42.426Z",
        "user": 1,
        "content_type": 2,
        "object_id": "3",
        "object_repr": "Какой орден изображен на фото?",
        "action_flag": 1,
        "change_message": "[{\"added\": {}}, {\"added\": {\"name\": \"\\u041e\\u0442\\u0432\\u0435\\u0442\", \"object\": \"\\u0422\\u0435\\u0432\\u0442\\u043e\\u043d\\u0441\\u043a\\u0438\\u0439\"}}, {\"added\": {\"name\": \"\\u041e\\u0442\\u0432\\u0435\\u0442\", \"object\": \"\\u0422\\u0430\\u043c\\u043f\\u043b\\u0438\\u0435\\u0440\\u044b\"}}, {\"added\": {\"name\": \"\\u041e\\u0442\\u0432\\u0435\\u0442\", \"object\": \"\\u0413\\u043e\\u0441\\u043f\\u0438\\u0442\\u0430\\u043b\\u044c\\u0435\\u0440\\u044b\"}}]"
    }
},
{
    "model": "admin.logentry",
    "pk": 5,
    "fields": {
        "action_time": "2025-08-20T06:31:00.888Z",
        "user": 1,
        "content_type": 3,
        "object_id": "1",
        "object_repr": "Рыцарские ордена. Сложность: легкая",
        "action_flag": 2,
        "change_message": "[{\"changed\": {\"fields\": [\"\\u041d\\u0430\\u0437\\u0432\\u0430\\u043d\\u0438\\u0435 \\u0442\\u0435\\u0441\\u0442\\u0430\"]}}]"
    }
},
{
    "model": "admin.logentry",
    "pk": 6,
    "fields": {
        "action_time": "2025-08-20T06:32:52.036Z",
        "user": 1,
        "content_type": 2,
        "object_id": "4",
        "object_repr": "Как еще называли госпитальеров?",
        "action_flag": 1,
        "change_message": "[{\"added\": {}}, {\"added\": {\"name\": \"\\u041e\\u0442\\u0432\\u0435\\u0442\", \"object\": \"\\u0425\\u0440\\u0430\\u043c\\u043e\\u0432\\u043d\\u0438\\u043a\\u0438\"}}, {\"added\": {\"name\": \"\\u041e\\u0442\\u0432\\u0435\\u0442\", \"object\": \"\\u0418\\u043e\\u0430\\u043d\\u043d\\u0438\\u0442\\u044b\"}}, {\"added\": {\"name\": \"\\u041e\\u0442\\u0432\\u0435\\u0442\", \"object\": \"\\u041c\\u0435\\u0447\\u0435\\u043d\\u043e\\u0441\\u0446\\u044b\"}}]"
    }
},
{
    "model": "admin.logentry",
    "pk": 7,
    "fields": {
        "action_time": "2025-08-20T06:36:27.288Z",
        "user": 1,
        "content_type": 2,
        "object_id": "5",
        "object_repr": "Какой русский император стал Великим магистром одного из орденов?",
        "action_flag": 1,
        "change_message": "[{\"added\": {}}, {\"added\": {\"name\": \"\\u041e\\u0442\\u0432\\u0435\\u0442\", \"object\": \"\\u0410\\u043b\\u0435\\u043a\\u0441\\u0430\\u043d\\u0434\\u0440 I\"}}, {\"added\": {\"name\": \"\\u041e\\u0442\\u0432\\u0435\\u0442\", \"object\": \"\\u041d\\u0438\\u043a\\u043e\\u043b\\u0430\\u0439 I\"}}, {\"added\": {\"name\": \"\\u041e\\u0442\\u0432\\u0435\\u0442\", \"object\": \"\\u041f\\u0451\\u0442\\u0440 III\"}}, {\"added\": {\"name\": \"\\u041e\\u0442\\u0432\\u0435\\u0442\", \"object\": \"\\u041f\\u0430\\u0432\\u0435\\u043b I\"}}]"
    }
},
{
    "model": "admin.logentry",
    "pk": 8,
    "fields": {
        "action_time": "2025-08-20T06:37:06.833Z",
        "user": 1,
        "content_type": 2,
        "object_id": "6",
        "object_repr": "Какой орден просил помощи у Российского императора?",
        "action_flag": 1,
        "change_message": "[{\"added\": {}}, {\"added\": {\"name\": \"\\u041e\\u0442\\u0432\\u0435\\u0442\", \"object\": \"\\u0422\\u0435\\u0432\\u0442\\u043e\\u043d\\u0441\\u043a\\u0438\\u0439\"}}, {\"added\": {\"name\": \"\\u041e\\u0442\\u0432\\u0435\\u0442\", \"object\": \"\\u0422\\u0430\\u043c\\u043f\\u043b\\u0438\\u0435\\u0440\\u044b\"}}, {\"added\": {\"name\": \"\\u041e\\u0442\\u0432\\u0435\\u0442\", \"object\": \"\\u0413\\u043e\\u0441\\u043f\\u0438\\u0442\\u0430\\u043b\\u044c\\u0435\\u0440\\u044b\"}}]"
    }
},
{
    "model": "admin.logentry",
    "pk": 9,
    "fields": {
        "action_time": "2025-08-20T06:40:37.545Z",
        "user": 1,
        "content_type": 2,
        "object_id": "7",
        "object_repr": "Высшее звание в рыцарском ордене",
        "action_flag": 1,
        "change_message": "[{\"added\": {}}, {\"added\": {\"name\": \"\\u041e\\u0442\\u0432\\u0435\\u0442\", \"object\": \"\\u0422\\u0430\\u0439\\u043d\\u044b\\u0439 \\u0433\\u043b\\u0430\\u0432\\u0430\"}}, {\"added\": {\"name\": \"\\u041e\\u0442\\u0432\\u0435\\u0442\", \"object\": \"\\u0412\\u0435\\u043b\\u0438\\u043a\\u0438\\u0439 \\u043c\\u0430\\u0433\\u0438\\u0441\\u0442\\u0440\"}}, {\"added\": {\"name\": \"\\u041e\\u0442\\u0432\\u0435\\u0442\", \"object\": \"\\u0412\\u0435\\u0440\\u0445\\u043e\\u0432\\u043d\\u044b\\u0439 \\u043c\\u0430\\u0433\\u0438\\u0441\\u0442\\u0440\"}}, {\"added\": {\"name\": \"\\u041e\\u0442\\u0432\\u0435\\u0442\", \"object\": \"\\u0413\\u043b\\u0430\\u0432\\u0430 \\u0441\\u043e\\u044e\\u0437\\u0430 \\u0440\\u044b\\u0446\\u0430\\u0440\\u0435\\u0439\"}}]"
    }
},
{
    "model": "admin.logentry",
    "pk": 10,
    "fields": {
        "action_time": "2025-08-20T06:44:38.685Z",
        "user": 1,
        "content_type": 2,
        "object_id": "8",
        "object_repr": "Главу какого ордена сожгли на костре и после этого их история закончил",
        "action_flag": 1,
        "change_message": "[{\"added\": {}}, {\"added\": {\"name\": \"\\u041e\\u0442\\u0432\\u0435\\u0442\", \"object\": \"\\u0422\\u0435\\u0432\\u0442\\u043e\\u043d\\u0441\\u043a\\u0438\\u0439\"}}, {\"added\": {\"name\": \"\\u041e\\u0442\\u0432\\u0435\\u0442\", \"object\": \"\\u0422\\u0430\\u043c\\u043f\\u043b\\u0438\\u0435\\u0440\\u044b\"}}, {\"added\": {\"name\": \"\\u041e\\u0442\\u0432\\u0435\\u0442\", \"object\": \"\\u0413\\u043e\\u0441\\u043f\\u0438\\u0442\\u0430\\u043b\\u044c\\u0435\\u0440\\u044b\"}}]"
    }
},
{
    "model": "admin.logentry",
    "pk": 11,
    "fields": {
        "action_time": "2025-08-20T06:45:18.761Z",
        "user": 1,
        "content_type": 3,
        "object_id": "2",
        "object_repr": "Крестовые походы. Сложность: легкая",
        "action_flag": 1,
        "change_message": "[{\"added\": {}}]"
    }
},
{
    "model": "admin.logentry",
    "pk": 12,
    "fields": {
        "action_time": "2025-08-20T06:46:19.260Z",
        "user": 1,
        "content_type": 2,
        "object_id": "9",
        "object_repr": "Какова была главная, официально провозглашенная цель Первого крестовог",
        "action_flag": 1,
        "change_message": "[{\"added\": {}}, {\"added\": {\"name\": \"\\u041e\\u0442\\u0432\\u0435\\u0442\", \"object\": \"\\u0417\\u0430\\u0432\\u043e\\u0435\\u0432\\u0430\\u043d\\u0438\\u0435 \\u0431\\u043e\\u0433\\u0430\\u0442\\u0441\\u0442\\u0432 \\u0412\\u0438\\u0437\\u0430\\u043d\\u0442\\u0438\\u0438\"}}, {\"added\": {\"name\": \"\\u041e\\u0442\\u0432\\u0435\\u0442\", \"object\": \"\\u041e\\u0441\\u0432\\u043e\\u0431\\u043e\\u0436\\u0434\\u0435\\u043d\\u0438\\u0435 \\u0418\\u0435\\u0440\\u0443\\u0441\\u0430\\u043b\\u0438\\u043c\\u0430 \\u0438 \\u0413\\u0440\\u043e\\u0431\\u0430 \\u0413\\u043e\\u0441\\u043f\\u043e\\u0434\\u043d\\u044f \\u043e\\u0442 \\u043c\\u0443\\u0441\\u0443\\u043b\\u044c\\u043c\\u0430\\u043d\"}}, {\"added\": {\"name\": \"\\u041e\\u0442\\u0432\\u0435\\u0442\", \"object\": \"\\u041e\\u0431\\u0440\\u0430\\u0449\\u0435\\u043d\\u0438\\u0435 \\u0432 \\u0445\\u0440\\u0438\\u0441\\u0442\\u0438\\u0430\\u043d\\u0441\\u0442\\u0432\\u043e \\u043a\\u043e\\u0447\\u0435\\u0432\\u044b\\u0445 \\u043d\\u0430\\u0440\\u043e\\u0434\\u043e\\u0432 \\u041c\\u0430\\u043b\\u043e\\u0439 \\u0410\\u0437\\u0438\\u0438\"}}]"
    }
},
{
    "model": "admin.logentry",
    "pk": 13,
    "fields": {
        "action_time": "2025-08-20T06:49:19.565Z",
        "user": 1,
        "content_type": 2,
        "object_id": "10",
        "object_repr": "Кто из пап римских призвал к началу Первого крестового похода в 1095 г",
        "action_flag": 1,
        "change_message": "[{\"added\": {}}, {\"added\": {\"name\": \"\\u041e\\u0442\\u0432\\u0435\\u0442\", \"object\": \"\\u0418\\u043d\\u043d\\u043e\\u043a\\u0435\\u043d\\u0442\\u0438\\u0439 III\"}}, {\"added\": {\"name\": \"\\u041e\\u0442\\u0432\\u0435\\u0442\", \"object\": \"\\u0413\\u0440\\u0438\\u0433\\u043e\\u0440\\u0438\\u0439 VII\"}}, {\"added\": {\"name\": \"\\u041e\\u0442\\u0432\\u0435\\u0442\", \"object\": \"\\u0423\\u0440\\u0431\\u0430\\u043d II\"}}, {\"added\": {\"name\": \"\\u041e\\u0442\\u0432\\u0435\\u0442\", \"object\": \"\\u0411\\u043e\\u043d\\u0438\\u0444\\u0430\\u0446\\u0438\\u0439 VIII\"}}]"
    }
},
{
    "model": "admin.logentry",
    "pk": 14,
    "fields": {
        "action_time": "2025-08-20T06:52:22.173Z",
        "user": 1,
        "content_type": 2,
        "object_id": "11",
        "object_repr": "Главный проповедник и идейных вдохновитель крестового похода бедноты",
        "action_flag": 1,
        "change_message": "[{\"added\": {}}, {\"added\": {\"name\": \"\\u041e\\u0442\\u0432\\u0435\\u0442\", \"object\": \"\\u041f\\u0435\\u0442\\u0440 \\u041f\\u0443\\u0441\\u0442\\u044b\\u043d\\u043d\\u0438\\u043a\"}}, {\"added\": {\"name\": \"\\u041e\\u0442\\u0432\\u0435\\u0442\", \"object\": \"\\u041f\\u0435\\u0442\\u0440 \\u041e\\u0442\\u0441\\u0442\\u0443\\u043f\\u043d\\u0438\\u043a\"}}, {\"added\": {\"name\": \"\\u041e\\u0442\\u0432\\u0435\\u0442\", \"object\": \"\\u041f\\u0435\\u0442\\u0440 \\u0421\\u0432\\u044f\\u0442\\u043e\\u0439\"}}, {\"added\": {\"name\": \"\\u041e\\u0442\\u0432\\u0435\\u0442\", \"object\": \"\\u0418\\u043d\\u043d\\u043e\\u043a\\u0435\\u043d\\u0442\\u0438\\u0439 \\u0412\\u0435\\u043b\\u0438\\u043a\\u0438\\u0439\"}}]"
    }
},
{
    "model": "admin.logentry",
    "pk": 15,
    "fields": {
        "action_time": "2025-08-20T06:53:58.554Z",
        "user": 1,
        "content_type": 2,
        "object_id": "12",
        "object_repr": "Четвертый крестовый поход (1202-1204) печально известен тем, что крест",
        "action_flag": 1,
        "change_message": "[{\"added\": {}}, {\"added\": {\"name\": \"\\u041e\\u0442\\u0432\\u0435\\u0442\", \"object\": \"\\u041a\\u0430\\u0438\\u0440\"}}, {\"added\": {\"name\": \"\\u041e\\u0442\\u0432\\u0435\\u0442\", \"object\": \"\\u0414\\u0430\\u043c\\u0430\\u0441\\u043a\"}}, {\"added\": {\"name\": \"\\u041e\\u0442\\u0432\\u0435\\u0442\", \"object\": \"\\u0420\\u0438\\u043c\"}}, {\"added\": {\"name\": \"\\u041e\\u0442\\u0432\\u0435\\u0442\", \"object\": \"\\u041a\\u043e\\u043d\\u0441\\u0442\\u0430\\u043d\\u0442\\u0438\\u043d\\u043e\\u043f\\u043e\\u043b\\u044c\"}}]"
    }
},
{
    "model": "admin.logentry",
    "pk": 16,
    "fields": {
        "action_time": "2025-08-20T06:57:09.100Z",
        "user": 1,
        "content_type": 2,
        "object_id": "13",
        "object_repr": "Кто сказал фразу: \"Я не желаю носить золотой венец там, где Царь царей",
        "action_flag": 1,
        "change_message": "[{\"added\": {}}, {\"added\": {\"name\": \"\\u041e\\u0442\\u0432\\u0435\\u0442\", \"object\": \"\\u0413\\u043e\\u0442\\u0444\\u0440\\u0438\\u0434 \\u0411\\u0443\\u043b\\u044c\\u043e\\u043d\\u0441\\u043a\\u0438\\u0439\"}}, {\"added\": {\"name\": \"\\u041e\\u0442\\u0432\\u0435\\u0442\", \"object\": \"\\u0420\\u043e\\u0431\\u0435\\u0440\\u0442, \\u0433\\u0435\\u0440\\u0446\\u043e\\u0433 \\u041d\\u043e\\u0440\\u043c\\u0430\\u043d\\u0434\\u0441\\u043a\\u0438\\u0439\"}}, {\"added\": {\"name\": \"\\u041e\\u0442\\u0432\\u0435\\u0442\", \"object\": \"\\u0420\\u0430\\u0439\\u043c\\u0443\\u043d\\u0434, \\u0433\\u0440\\u0430\\u0444 \\u0422\\u0443\\u043b\\u0443\\u0437\\u0441\\u043a\\u0438\\u0439\"}}, {\"added\": {\"name\": \"\\u041e\\u0442\\u0432\\u0435\\u0442\", \"object\": \"\\u0411\\u043e\\u044d\\u043c\\u0443\\u043d\\u0434 \\u0422\\u0430\\u0440\\u0435\\u043d\\u0442\\u0441\\u043a\\u0438\\u0439\"}}]"
    }
},
{
    "model": "admin.logentry",
    "pk": 17,
    "fields": {
        "action_time": "2025-08-20T06:58:55.860Z",
        "user": 1,
        "content_type": 2,
        "object_id": "14",
        "object_repr": "Какой город был последним оплотом крестоносцев на Ближнем Востоке, пав",
        "action_flag": 1,
        "change_message": "[{\"added\": {}}, {\"added\": {\"name\": \"\\u041e\\u0442\\u0432\\u0435\\u0442\", \"object\": \"\\u0418\\u0435\\u0440\\u0443\\u0441\\u0430\\u043b\\u0438\\u043c\"}}, {\"added\": {\"name\": \"\\u041e\\u0442\\u0432\\u0435\\u0442\", \"object\": \"\\u0410\\u043d\\u0442\\u0438\\u043e\\u0445\\u0438\\u044f\"}}, {\"added\": {\"name\": \"\\u041e\\u0442\\u0432\\u0435\\u0442\", \"object\": \"\\u0410\\u043a\\u0440\\u0430\"}}]"
    }
},
{
    "model": "admin.logentry",
    "pk": 18,
    "fields": {
        "action_time": "2025-08-20T07:00:40.155Z",
        "user": 1,
        "content_type": 2,
        "object_id": "15",
        "object_repr": "Какой лозунг был провозглашен Папой Урбаном II при призыве к Первому к",
        "action_flag": 1,
        "change_message": "[{\"added\": {}}, {\"added\": {\"name\": \"\\u041e\\u0442\\u0432\\u0435\\u0442\", \"object\": \"\\\"\\u0422\\u0430\\u043a\\u043e\\u0432\\u0430 \\u0432\\u043e\\u043b\\u044f \\u0411\\u043e\\u0436\\u044c\\u044f!\\\"\"}}, {\"added\": {\"name\": \"\\u041e\\u0442\\u0432\\u0435\\u0442\", \"object\": \"\\\"\\u0417\\u0430 \\u0432\\u0435\\u0440\\u0443 \\u0438 \\u043e\\u0442\\u0435\\u0447\\u0435\\u0441\\u0442\\u0432\\u043e!\\\"\"}}, {\"added\": {\"name\": \"\\u041e\\u0442\\u0432\\u0435\\u0442\", \"object\": \"\\\"\\u041e\\u0441\\u0432\\u043e\\u0431\\u043e\\u0434\\u0438\\u0442\\u0435 \\u0445\\u0440\\u0438\\u0441\\u0442\\u0438\\u0430\\u043d\\u0441\\u043a\\u0438\\u0435 \\u0437\\u0435\\u043c\\u043b\\u0438\\\"\"}}]"
    }
},
{
    "model": "admin.logentry",
    "pk": 19,
    "fields": {
        "action_time": "2025-08-20T07:03:30.249Z",
        "user": 1,
        "content_type": 2,
        "object_id": "16",
        "object_repr": "Кто возглавил Третий крестовый поход со стороны европейских монархов?",
        "action_flag": 1,
        "change_message": "[{\"added\": {}}, {\"added\": {\"name\": \"\\u041e\\u0442\\u0432\\u0435\\u0442\", \"object\": \"\\u041a\\u0430\\u0440\\u043b \\u0412\\u0435\\u043b\\u0438\\u043a\\u0438\\u0439, \\u0424\\u0438\\u043b\\u0438\\u043f\\u043f II \\u0410\\u0432\\u0433\\u0443\\u0441\\u0442 \\u0438 \\u0424\\u0440\\u0438\\u0434\\u0440\\u0438\\u0445 I \\u0411\\u0430\\u0440\\u0431\\u0430\\u0440\\u043e\\u0441\\u0441\\u0430\"}}, {\"added\": {\"name\": \"\\u041e\\u0442\\u0432\\u0435\\u0442\", \"object\": \"\\u0420\\u0438\\u0447\\u0430\\u0440\\u0434 I \\u041b\\u044c\\u0432\\u0438\\u043d\\u043e\\u0435 \\u0421\\u0435\\u0440\\u0434\\u0446\\u0435, \\u0424\\u0438\\u043b\\u0438\\u043f\\u043f II \\u0410\\u0432\\u0433\\u0443\\u0441\\u0442 \\u0438 \\u0424\\u0440\\u0438\\u0434\\u0440\\u0438\\u0445 I \\u0411\\u0430\\u0440\\u0431\\u0430\\u0440\\u043e\\u0441\\u0441\\u0430\"}}, {\"added\": {\"name\": \"\\u041e\\u0442\\u0432\\u0435\\u0442\", \"object\": \"\\u0424\\u0440\\u0438\\u0434\\u0440\\u0438\\u0445 II, \\u041b\\u044e\\u0434\\u043e\\u0432\\u0438\\u043a IX \\u0438 \\u0413\\u0435\\u043d\\u0440\\u0438\\u0445 II\"}}]"
    }
},
{
    "model": "admin.logentry",
    "pk": 20,
    "fields": {
        "action_time": "2025-08-20T07:05:12.888Z",
        "user": 1,
        "content_type": 2,
        "object_id": "8",
        "object_repr": "Главу какого ордена сожгли на костре и после этого их история закончил",
        "action_flag": 2,
        "change_message": "[{\"changed\": {\"name\": \"\\u041e\\u0442\\u0432\\u0435\\u0442\", \"object\": \"\\u0422\\u0435\\u0432\\u0442\\u043e\\u043d\\u0446\\u0435\\u0432\", \"fields\": [\"\\u0422\\u0435\\u043a\\u0441\\u0442 \\u043e\\u0442\\u0432\\u0435\\u0442\\u0430\"]}}, {\"changed\": {\"name\": \"\\u041e\\u0442\\u0432\\u0435\\u0442\", \"object\": \"\\u0422\\u0430\\u043c\\u043f\\u043b\\u0438\\u0435\\u0440\\u043e\\u0432\", \"fields\": [\"\\u0422\\u0435\\u043a\\u0441\\u0442 \\u043e\\u0442\\u0432\\u0435\\u0442\\u0430\"]}}, {\"changed\": {\"name\": \"\\u041e\\u0442\\u0432\\u0435\\u0442\", \"object\": \"\\u0413\\u043e\\u0441\\u043f\\u0438\\u0442\\u0430\\u043b\\u044c\\u0435\\u0440\\u043e\\u0432\", \"fields\": [\"\\u0422\\u0435\\u043a\\u0441\\u0442 \\u043e\\u0442\\u0432\\u0435\\u0442\\u0430\"]}}]"
    }
},
{
    "model": "admin.logentry",
    "pk": 21,
    "fields": {
        "action_time": "2025-08-20T07:07:25.420Z",
        "user": 1,
        "content_type": 2,
        "object_id": "17",
        "object_repr": "Какой из орденов фактически создал свое государство?",
        "action_flag": 1,
        "change_message": "[{\"added\": {}}, {\"added\": {\"name\": \"\\u041e\\u0442\\u0432\\u0435\\u0442\", \"object\": \"\\u0422\\u0435\\u0432\\u0442\\u043e\\u043d\\u0446\\u044b\"}}, {\"added\": {\"name\": \"\\u041e\\u0442\\u0432\\u0435\\u0442\", \"object\": \"\\u0422\\u0430\\u043c\\u043f\\u043b\\u0438\\u0435\\u0440\\u044b\"}}, {\"added\": {\"name\": \"\\u041e\\u0442\\u0432\\u0435\\u0442\", \"object\": \"\\u0413\\u043e\\u0441\\u043f\\u0438\\u0442\\u0430\\u043b\\u044c\\u0435\\u0440\\u044b\"}}]"
    }
},
{
    "model": "admin.logentry",
    "pk": 22,
    "fields": {
        "action_time": "2025-08-20T07:07:31.085Z",
        "user": 1,
        "content_type": 2,
        "object_id": "8",
        "object_repr": "Главу какого ордена сожгли на костре и после этого их история закончил",
        "action_flag": 2,
        "change_message": "[]"
    }
},
{
    "model": "admin.logentry",
    "pk": 23,
    "fields": {
        "action_time": "2025-08-20T07:10:33.037Z",
        "user": 1,
        "content_type": 2,
        "object_id": "18",
        "object_repr": "Какой орден существует до сих пор?",
        "action_flag": 1,
        "change_message": "[{\"added\": {}}, {\"added\": {\"name\": \"\\u041e\\u0442\\u0432\\u0435\\u0442\", \"object\": \"\\u041c\\u0435\\u0447\\u0435\\u043d\\u043e\\u0441\\u0446\\u0435\\u0432\"}}, {\"added\": {\"name\": \"\\u041e\\u0442\\u0432\\u0435\\u0442\", \"object\": \"\\u0422\\u0430\\u043c\\u043f\\u043b\\u0438\\u0435\\u0440\\u043e\\u0432\"}}, {\"added\": {\"name\": \"\\u041e\\u0442\\u0432\\u0435\\u0442\", \"object\": \"\\u041c\\u0430\\u043b\\u044c\\u0442\\u0438\\u0439\\u0441\\u043a\\u0438\\u0439\"}}]"
    }
},
{
    "model": "auth.permission",
    "pk": 1,
    "fields": {
        "name": "Can add captcha store",
        "content_type": 1,
        "codename": "add_captchastore"
    }
},
{
    "model": "auth.permission",
    "pk": 2,
    "fields": {
        "name": "Can change captcha store",
        "content_type": 1,
        "codename": "change_captchastore"
    }
},
{
    "model": "auth.permission",
    "pk": 3,
    "fields": {
        "name": "Can delete captcha store",
        "content_type": 1,
        "codename": "delete_captchastore"
    }
},
{
    "model": "auth.permission",
    "pk": 4,
    "fields": {
        "name": "Can view captcha store",
        "content_type": 1,
        "codename": "view_captchastore"
    }
},
{
    "model": "auth.permission",
    "pk": 5,
    "fields": {
        "name": "Can add Вопрос",
        "content_type": 2,
        "codename": "add_question"
    }
},
{
    "model": "auth.permission",
    "pk": 6,
    "fields": {
        "name": "Can change Вопрос",
        "content_type": 2,
        "codename": "change_question"
    }
},
{
    "model": "auth.permission",
    "pk": 7,
    "fields": {
        "name": "Can delete Вопрос",
        "content_type": 2,
        "codename": "delete_question"
    }
},
{
    "model": "auth.permission",
    "pk": 8,
    "fields": {
        "name": "Can view Вопрос",
        "content_type": 2,
        "codename": "view_question"
    }
},
{
    "model": "auth.permission",
    "pk": 9,
    "fields": {
        "name": "Can add Тест",
        "content_type": 3,
        "codename": "add_test"
    }
},
{
    "model": "auth.permission",
    "pk": 10,
    "fields": {
        "name": "Can change Тест",
        "content_type": 3,
        "codename": "change_test"
    }
},
{
    "model": "auth.permission",
    "pk": 11,
    "fields": {
        "name": "Can delete Тест",
        "content_type": 3,
        "codename": "delete_test"
    }
},
{
    "model": "auth.permission",
    "pk": 12,
    "fields": {
        "name": "Can view Тест",
        "content_type": 3,
        "codename": "view_test"
    }
},
{
    "model": "auth.permission",
    "pk": 13,
    "fields": {
        "name": "Can add Ответ",
        "content_type": 4,
        "codename": "add_answer"
    }
},
{
    "model": "auth.permission",
    "pk": 14,
    "fields": {
        "name": "Can change Ответ",
        "content_type": 4,
        "codename": "change_answer"
    }
},
{
    "model": "auth.permission",
    "pk": 15,
    "fields": {
        "name": "Can delete Ответ",
        "content_type": 4,
        "codename": "delete_answer"
    }
},
{
    "model": "auth.permission",
    "pk": 16,
    "fields": {
        "name": "Can view Ответ",
        "content_type": 4,
        "codename": "view_answer"
    }
},
{
    "model": "auth.permission",
    "pk": 17,
    "fields": {
        "name": "Can add log entry",
        "content_type": 5,
        "codename": "add_logentry"
    }
},
{
    "model": "auth.permission",
    "pk": 18,
    "fields": {
        "name": "Can change log entry",
        "content_type": 5,
        "codename": "change_logentry"
    }
},
{
    "model": "auth.permission",
    "pk": 19,
    "fields": {
        "name": "Can delete log entry",
        "content_type": 5,
        "codename": "delete_logentry"
    }
},
{
    "model": "auth.permission",
    "pk": 20,
    "fields": {
        "name": "Can view log entry",
        "content_type": 5,
        "codename": "view_logentry"
    }
},
{
    "model": "auth.permission",
    "pk": 21,
    "fields": {
        "name": "Can add permission",
        "content_type": 6,
        "codename": "add_permission"
    }
},
{
    "model": "auth.permission",
    "pk": 22,
    "fields": {
        "name": "Can change permission",
        "content_type": 6,
        "codename": "change_permission"
    }
},
{
    "model": "auth.permission",
    "pk": 23,
    "fields": {
        "name": "Can delete permission",
        "content_type": 6,
        "codename": "delete_permission"
    }
},
{
    "model": "auth.permission",
    "pk": 24,
    "fields": {
        "name": "Can view permission",
        "content_type": 6,
        "codename": "view_permission"
    }
},
{
    "model": "auth.permission",
    "pk": 25,
    "fields": {
        "name": "Can add group",
        "content_type": 7,
        "codename": "add_group"
    }
},
{
    "model": "auth.permission",
    "pk": 26,
    "fields": {
        "name": "Can change group",
        "content_type": 7,
        "codename": "change_group"
    }
},
{
    "model": "auth.permission",
    "pk": 27,
    "fields": {
        "name": "Can delete group",
        "content_type": 7,
        "codename": "delete_group"
    }
},
{
    "model": "auth.permission",
    "pk": 28,
    "fields": {
        "name": "Can view group",
        "content_type": 7,
        "codename": "view_group"
    }
},
{
    "model": "auth.permission",
    "pk": 29,
    "fields": {
        "name": "Can add user",
        "content_type": 8,
        "codename": "add_user"
    }
},
{
    "model": "auth.permission",
    "pk": 30,
    "fields": {
        "name": "Can change user",
        "content_type": 8,
        "codename": "change_user"
    }
},
{
    "model": "auth.permission",
    "pk": 31,
    "fields": {
        "name": "Can delete user",
        "content_type": 8,
        "codename": "delete_user"
    }
},
{
    "model": "auth.permission",
    "pk": 32,
    "fields": {
        "name": "Can view user",
        "content_type": 8,
        "codename": "view_user"
    }
},
{
    "model": "auth.permission",
    "pk": 33,
    "fields": {
        "name": "Can add content type",
        "content_type": 9,
        "codename": "add_contenttype"
    }
},
{
    "model": "auth.permission",
    "pk": 34,
    "fields": {
        "name": "Can change content type",
        "content_type": 9,
        "codename": "change_contenttype"
    }
},
{
    "model": "auth.permission",
    "pk": 35,
    "fields": {
        "name": "Can delete content type",
        "content_type": 9,
        "codename": "delete_contenttype"
    }
},
{
    "model": "auth.permission",
    "pk": 36,
    "fields": {
        "name": "Can view content type",
        "content_type": 9,
        "codename": "view_contenttype"
    }
},
{
    "model": "auth.permission",
    "pk": 37,
    "fields": {
        "name": "Can add session",
        "content_type": 10,
        "codename": "add_session"
    }
},
{
    "model": "auth.permission",
    "pk": 38,
    "fields": {
        "name": "Can change session",
        "content_type": 10,
        "codename": "change_session"
    }
},
{
    "model": "auth.permission",
    "pk": 39,
    "fields": {
        "name": "Can delete session",
        "content_type": 10,
        "codename": "delete_session"
    }
},
{
    "model": "auth.permission",
    "pk": 40,
    "fields": {
        "name": "Can view session",
        "content_type": 10,
        "codename": "view_session"
    }
},
{
    "model": "auth.user",
    "pk": 1,
    "fields": {
        "password": "pbkdf2_sha256$1000000$jfqCX1WoP3pmoEIUgJWgpC$7bUwOmIYl6Liovrh3FfQqSh5oQttJ67J/Yf3mnmMotM=",
        "last_login": "2025-08-20T06:24:30.612Z",
        "is_superuser": true,
        "username": "dima",
        "first_name": "",
        "last_name": "",
        "email": "sdgsj@mail.co",
        "is_staff": true,
        "is_active": true,
        "date_joined": "2025-08-20T06:03:57.502Z",
        "groups": [],
        "user_permissions": []
    }
},
{
    "model": "contenttypes.contenttype",
    "pk": 1,
    "fields": {
        "app_label": "captcha",
        "model": "captchastore"
    }
},
{
    "model": "contenttypes.contenttype",
    "pk": 2,
    "fields": {
        "app_label": "questions",
        "model": "question"
    }
},
{
    "model": "contenttypes.contenttype",
    "pk": 3,
    "fields": {
        "app_label": "questions",
        "model": "test"
    }
},
{
    "model": "contenttypes.contenttype",
    "pk": 4,
    "fields": {
        "app_label": "questions",
        "model": "answer"
    }
},
{
    "model": "contenttypes.contenttype",
    "pk": 5,
    "fields": {
        "app_label": "admin",
        "model": "logentry"
    }
},
{
    "model": "contenttypes.contenttype",
    "pk": 6,
    "fields": {
        "app_label": "auth",
        "model": "permission"
    }
},
{
    "model": "contenttypes.contenttype",
    "pk": 7,
    "fields": {
        "app_label": "auth",
        "model": "group"
    }
},
{
    "model": "contenttypes.contenttype",
    "pk": 8,
    "fields": {
        "app_label": "auth",
        "model": "user"
    }
},
{
    "model": "contenttypes.contenttype",
    "pk": 9,
    "fields": {
        "app_label": "contenttypes",
        "model": "contenttype"
    }
},
{
    "model": "contenttypes.contenttype",
    "pk": 10,
    "fields": {
        "app_label": "sessions",
        "model": "session"
    }
},
{
    "model": "sessions.session",
    "pk": "o7k5gx77ha8dnc8gdqwh4xpttcqh2qpz",
    "fields": {
        "session_data": ".eJxVjDsOwyAQBe9CHSEwmE_K9D4DWtglOIlAMnYV5e6xJRdJ-2bmvVmAbS1h67SEGdmVSXb53SKkJ9UD4APqvfHU6rrMkR8KP2nnU0N63U7376BAL3tNWmXM1g1mtOjlKLyWCYVEoR06zIP3RJgVOeN3mIwSUStIYEElS8Q-X9zUOBk:1uocFK:c8CwLUWfL0zg1eisQ_ZgTM6tvh_w3UxXmudG2XMpAIA",
        "expire_date": "2025-09-03T06:24:30.613Z"
    }
}
]
